Date,Average_Temperature,BB_SNOW,Nampa_rain,Wind_speed,Thunder,Max_temperature,Min_temperature,MaxT,WS,WSF2,WSF5,WDF2,WDF5,WT02,WT08,Precipitation,Rain
5/28/2019,1.806179974,0,0,0.983175072,1,1.886490725,1.707570176,1,2,1.340444115,1.519827994,1.602059991,2.176091259,0,0,0.83,1
1/19/2019,1.602059991,0,1,1.082066934,0,1.643452676,1.544068044,0,2,1.361727836,1.463892989,2.079181246,2.079181246,0,0,0.75,1
5/21/2019,1.716003344,0,1,0.918030337,0,1.77815125,1.653212514,1,1,1.322219295,1.413299764,2.491361694,2.397940009,0,0,0.67,1
5/17/2019,1.69019608,0,1,0.918030337,0,1.716003344,1.672097858,0,1,1.322219295,1.477121255,2.447158031,2.447158031,0,0,0.6,1
2/13/2019,1.568201724,0,0,1.082066934,0,1.568201724,1.544068044,0,2,1.361727836,1.492760389,2.146128036,2.079181246,0,0,0.54,1
3/24/2019,1.662757832,0,1,0.747411808,0,1.716003344,1.602059991,0,0,1.149219113,1.278753601,2.431363764,2.431363764,0,0,0.52,1
5/30/2019,1.812913357,0,1,0.764922985,1,1.86332286,1.748188027,1,0,1.378397901,1.477121255,2,1.698970004,0,0,0.49,1
2/2/2019,1.612783857,0,0,0.796574333,0,1.698970004,1.556302501,0,1,1.257678575,1.322219295,2.041392685,2.447158031,0,0,0.48,1
2/3/2019,1.633468456,0,1,0.881384657,0,1.698970004,1.591064607,0,1,1.257678575,1.447158031,2.113943352,2.113943352,0,0,0.44,1
4/8/2019,1.755874856,0,0,0.962369336,0,1.819543936,1.707570176,1,2,1.206825876,1.413299764,2.230448921,2.204119983,0,0,0.44,1
2/14/2019,1.612783857,0,1,1.169086357,0,1.72427587,1.556302501,0,2,1.463892989,1.589949601,2.176091259,2.176091259,0,1,0.4,1
2/27/2019,1.544068044,1,1,0.840733235,0,1.707570176,1.491361694,0,1,1.413299764,1.611723308,2.278753601,2.301029996,0,1,0.4,1
2/26/2019,1.591064607,0,1,0.90579588,0,1.681241237,1.462397998,0,1,1.230448921,1.340444115,2.491361694,2.491361694,1,1,0.39,1
5/20/2019,1.707570176,0,1,0.747411808,0,1.792391689,1.681241237,1,0,1.206825876,1.322219295,2.447158031,2.447158031,0,0,0.39,1
4/14/2019,1.707570176,0,1,0.893761762,0,1.72427587,1.612783857,0,1,1.230448921,1.378397901,2.51851394,2.51851394,0,0,0.33,1
9/8/2019,1.826074803,0,0,0.951823035,0,1.86332286,1.748188027,1,2,1.567026366,1.69019608,2.146128036,2.176091259,0,0,0.32,1
12/12/2019,1.62324929,0,1,0.812244697,0,1.681241237,1.591064607,0,1,1.230448921,1.477121255,2.477121255,2.322219295,0,0,0.28,1
5/19/2019,1.748188027,0,0,0.840733235,1,1.763427994,1.698970004,1,1,1.298853076,1.447158031,2.176091259,2.146128036,0,0,0.28,1
4/15/2019,1.643452676,0,0,0.691965103,0,1.740362689,1.602059991,0,0,1.08278537,1.257678575,1.903089987,2.322219295,0,0,0.24,1
3/28/2019,1.672097858,0,1,0.764922985,0,1.740362689,1.591064607,0,0,1.361727836,1.463892989,1.698970004,2.397940009,0,0,0.23,1
2/20/2019,1.462397998,1,0,0.796574333,0,1.544068044,1.342422681,0,1,1.08278537,1.230448921,2.505149978,2.146128036,1,1,0.22,1
4/20/2019,1.799340549,0,0,1.074084689,1,1.832508913,1.69019608,1,2,1.447158031,1.567026366,2.447158031,2.414973348,0,1,0.22,1
10/19/2019,1.662757832,0,0,1.120573931,1,1.72427587,1.602059991,0,2,1.463892989,1.579783597,2.477121255,2.477121255,0,0,0.22,1
5/24/2019,1.755874856,0,0,0.82672252,1,1.832508913,1.672097858,1,1,1.463892989,1.556302501,2.462397998,2.477121255,0,0,0.21,1
5/16/2019,1.748188027,0,0,0.840733235,0,1.770852012,1.698970004,1,1,1.322219295,1.492760389,2.462397998,2.477121255,0,0,0.2,1
9/16/2019,1.851258349,0,0,1.039810554,0,1.886490725,1.707570176,1,2,1.477121255,1.611723308,2.477121255,2.477121255,0,0,0.2,1
4/13/2019,1.681241237,0,0,0.710963119,0,1.799340549,1.568201724,1,0,1.298853076,1.378397901,2.491361694,2.477121255,0,0,0.19,1
2/28/2019,1.62324929,0,1,0.881384657,0,1.662757832,1.477121255,0,1,1.361727836,1.505149978,2.146128036,2.113943352,0,0,0.17,1
12/8/2019,1.653212514,0,0,0.868056362,0,1.672097858,1.579783597,0,1,1.176091259,1.230448921,2.477121255,2.491361694,0,0,0.16,1
12/24/2019,1.556302501,1,0,0.62838893,0,1.602059991,1.462397998,0,0,0.949390007,1.113943352,1,2.556302501,0,0,0.16,1
9/6/2019,1.86923172,0,0,0.781036939,1,1.919078092,1.806179974,2,0,1.378397901,1.447158031,1.698970004,1.698970004,0,0,0.15,1
2/5/2019,1.531478917,1,0,0.929418926,0,1.579783597,1.447158031,0,2,1.206825876,1.340444115,2.544068044,2.51851394,0,0,0.13,1
2/24/2019,1.556302501,0,0,1.120573931,0,1.633468456,1.51851394,0,2,1.322219295,1.413299764,2.041392685,2.079181246,0,0,0.13,1
12/1/2019,1.447158031,0,0,1.039810554,0,1.568201724,1.301029996,0,2,1.322219295,1.447158031,2.230448921,2.230448921,0,0,0.13,1
3/26/2019,1.716003344,0,0,0.672097858,0,1.763427994,1.633468456,1,0,1.206825876,1.322219295,2.322219295,2.301029996,0,0,0.12,1
3/27/2019,1.698970004,0,0,0.962369336,1,1.792391689,1.643452676,1,2,1.413299764,1.531478917,2.505149978,2.397940009,0,0,0.12,1
9/17/2019,1.755874856,0,1,0.650307523,0,1.838849091,1.698970004,1,0,1.149219113,1.278753601,2.079181246,1.954242509,0,0,0.11,1
2/4/2019,1.633468456,0,0,1.082066934,0,1.672097858,1.531478917,0,2,1.413299764,1.556302501,2.113943352,2.079181246,0,0,0.11,1
3/12/2019,1.612783857,0,0,1.105510185,0,1.707570176,1.505149978,0,2,1.378397901,1.492760389,2.505149978,2.51851394,0,0,0.11,1
4/2/2019,1.716003344,0,0,0.764922985,0,1.72427587,1.672097858,0,0,1.230448921,1.322219295,2,2.079181246,0,0,0.11,1
5/25/2019,1.72427587,0,1,0.691965103,0,1.806179974,1.69019608,1,0,1.298853076,1.378397901,2,2.079181246,0,0,0.1,1
1/16/2019,1.505149978,1,0,0.764922985,0,1.653212514,1.361727836,0,0,1.413299764,1.545307116,2,1.954242509,0,1,0.1,1
4/7/2019,1.73239376,0,0,1.057285644,0,1.806179974,1.69019608,1,2,1.340444115,1.413299764,2.079181246,2.079181246,0,0,0.1,1
4/3/2019,1.69019608,0,1,0.691965103,0,1.77815125,1.653212514,1,0,1.298853076,1.413299764,2.322219295,2.322219295,0,0,0.09,1
5/22/2019,1.72427587,0,1,0.854913022,0,1.77815125,1.672097858,1,1,1.257678575,1.399673721,2,2.146128036,0,0,0.08,1
2/25/2019,1.612783857,0,0,1.127752516,0,1.698970004,1.579783597,0,2,1.413299764,1.567026366,2.079181246,2.342422681,0,0,0.08,1
3/6/2019,1.62324929,0,0,0.983175072,0,1.72427587,1.544068044,0,2,1.447158031,1.579783597,2.146128036,2.146128036,0,0,0.08,1
12/13/2019,1.591064607,0,1,0.553883027,0,1.612783857,1.531478917,0,0,1.08278537,1.113943352,2.146128036,2.255272505,0,0,0.07,1
12/14/2019,1.556302501,0,1,0.854913022,0,1.62324929,1.462397998,0,1,1.206825876,1.322219295,2.505149978,2.477121255,1,0,0.07,1
1/15/2019,1.447158031,0,0,0.252853031,0,1.591064607,1.380211242,0,0,0.908485019,1.113943352,2.113943352,2.447158031,0,1,0.07,1
2/21/2019,1.447158031,1,0,0.796574333,0,1.51851394,1.301029996,0,1,1.206825876,1.278753601,2.51851394,2.51851394,1,1,0.07,1
3/5/2019,1.579783597,0,0,1.105510185,0,1.707570176,1.447158031,0,2,1.340444115,1.492760389,2.113943352,2.176091259,0,0,0.07,1
4/6/2019,1.681241237,0,0,1.031004281,0,1.763427994,1.579783597,1,2,1.322219295,1.432969291,2.079181246,2.079181246,0,0,0.07,1
1/20/2019,1.633468456,0,1,0.82672252,0,1.73239376,1.556302501,0,1,1.322219295,1.447158031,2.176091259,2.146128036,1,0,0.06,1
2/10/2019,1.51851394,1,1,0.840733235,0,1.579783597,1.447158031,0,1,1.340444115,1.432969291,2.041392685,2.041392685,0,0,0.06,1
3/23/2019,1.707570176,0,0,0.710963119,0,1.763427994,1.602059991,1,0,1.206825876,1.340444115,2.079181246,2.079181246,0,0,0.06,1
4/11/2019,1.662757832,0,0,0.929418926,0,1.72427587,1.602059991,0,2,1.322219295,1.413299764,2.462397998,2.462397998,0,1,0.06,1
5/26/2019,1.763427994,0,0,0.781036939,1,1.86332286,1.69019608,1,0,1.519827994,1.644438589,2.255272505,2.230448921,0,0,0.06,1
8/9/2019,1.897627091,0,0,0.951823035,1,1.968482949,1.806179974,2,2,1.413299764,1.602059991,2.278753601,2.278753601,0,0,0.06,1
11/29/2019,1.477121255,0,0,0.764922985,0,1.531478917,1.414973348,0,0,1.206825876,1.322219295,2.477121255,2.505149978,0,0,0.06,1
1/18/2019,1.62324929,0,0,0.840733235,0,1.653212514,1.568201724,0,1,1.298853076,1.413299764,2.146128036,2.146128036,0,0,0.05,1
4/5/2019,1.740362689,0,0,0.812244697,0,1.792391689,1.681241237,1,1,1.340444115,1.505149978,2.255272505,2.230448921,0,1,0.05,1
12/11/2019,1.568201724,0,0,0.840733235,0,1.633468456,1.505149978,0,1,1.257678575,1.413299764,2.041392685,2.079181246,0,0,0.05,1
4/9/2019,1.707570176,0,1,1.194791758,0,1.740362689,1.633468456,0,2,1.477121255,1.602059991,2.491361694,2.556302501,0,0,0.04,1
12/29/2019,1.491361694,0,1,0.796574333,0,1.505149978,1.447158031,0,1,1.08278537,1.230448921,2.176091259,2.146128036,0,1,0.04,1
5/29/2019,1.799340549,0,0,0.796574333,1,1.875061263,1.748188027,1,1,1.399673721,1.519827994,2.301029996,2.301029996,0,0,0.04,1
9/18/2019,1.763427994,0,0,0.605305046,0,1.785329835,1.698970004,1,0,1.004321374,1.113943352,1.903089987,2.447158031,0,0,0.04,1
11/27/2019,1.568201724,1,0,1.236033147,0,1.653212514,1.491361694,0,2,1.519827994,1.663700925,2.079181246,2.079181246,0,0,0.04,1
4/16/2019,1.69019608,0,1,0.893761762,0,1.763427994,1.633468456,1,1,1.257678575,1.447158031,2.51851394,2.491361694,0,0,0.03,1
2/16/2019,1.544068044,0,0,0.881384657,0,1.612783857,1.491361694,0,1,1.206825876,1.340444115,2.113943352,2.079181246,0,0,0.03,1
2/19/2019,1.414973348,0,0,0.764922985,0,1.505149978,1.230448921,0,0,1.149219113,1.257678575,2.477121255,2.477121255,0,1,0.03,1
5/27/2019,1.763427994,0,0,1.142076461,0,1.86923172,1.681241237,1,2,1.413299764,1.545307116,2.491361694,2.477121255,1,0,0.03,1
6/12/2019,1.875061263,0,0,0.840733235,0,1.959041392,1.785329835,2,1,1.413299764,1.519827994,2.505149978,2.51851394,0,0,0.03,1
10/4/2019,1.69019608,0,0,0.881384657,0,1.748188027,1.602059991,0,1,1.257678575,1.361727836,2.477121255,2.51851394,0,0,0.03,1
12/2/2019,1.51851394,1,0,0.303196057,0,1.556302501,1.505149978,0,0,0.949390007,1.113943352,2.230448921,2.204119983,0,0,0.03,1
12/7/2019,1.643452676,0,0,1.135132651,0,1.707570176,1.568201724,0,2,1.361727836,1.463892989,2.041392685,2.079181246,0,0,0.03,1
1/7/2019,1.568201724,0,0,0.812244697,0,1.612783857,1.462397998,0,1,1.399673721,1.492760389,2.491361694,2.491361694,0,0,0.02,1
4/12/2019,1.653212514,0,0,0.82672252,0,1.770852012,1.544068044,1,1,1.399673721,1.531478917,2.544068044,2.556302501,0,0,0.02,1
7/29/2019,1.913813852,0,0,0.840733235,0,1.986771734,1.819543936,2,1,1.257678575,1.399673721,1.301029996,1.301029996,0,0,0.02,1
8/2/2019,1.919078092,0,0,0.881384657,0,1.977723605,1.838849091,2,1,1.257678575,1.399673721,1.954242509,2.113943352,0,1,0.02,1
10/22/2019,1.716003344,0,0,0.62838893,0,1.806179974,1.643452676,1,0,1.149219113,1.278753601,2.491361694,2.505149978,0,0,0.02,1
1/17/2019,1.653212514,0,1,1.105510185,0,1.716003344,1.591064607,0,2,1.378397901,1.505149978,2.146128036,2.146128036,0,0,0.01,1
9/19/2019,1.72427587,0,1,0.710963119,1,1.819543936,1.672097858,1,0,1.322219295,1.399673721,2.531478917,2.51851394,1,0,0.01,1
12/31/2019,1.531478917,0,1,1.012415375,0,1.602059991,1.505149978,0,2,1.298853076,1.413299764,2.079181246,2.079181246,0,0,0.01,1
1/10/2019,1.643452676,0,0,0.764922985,0,1.716003344,1.51851394,0,0,1.149219113,1.257678575,2.041392685,2.146128036,0,0,0.01,1
1/23/2019,1.544068044,1,0,0.82672252,0,1.633468456,1.477121255,0,1,1.206825876,1.298853076,2.079181246,2.041392685,0,0,0.01,1
2/9/2019,1.491361694,0,0,1.230448921,0,1.568201724,1.462397998,0,2,1.463892989,1.611723308,2.113943352,2.113943352,0,0,0.01,1
2/11/2019,1.462397998,1,0,1.155943018,0,1.544068044,1.397940009,0,2,1.361727836,1.505149978,2.113943352,2.113943352,0,1,0.01,1
2/17/2019,1.51851394,1,0,0.710963119,0,1.568201724,1.447158031,0,0,1.08278537,1.206825876,2.531478917,2.505149978,0,0,0.01,1
6/20/2019,1.785329835,0,0,1.148910993,0,1.812913357,1.662757832,1,2,1.413299764,1.579783597,2.491361694,2.431363764,0,0,0.01,1
8/10/2019,1.851258349,0,0,1.003029471,1,1.919078092,1.785329835,2,2,1.413299764,1.545307116,2.462397998,2.477121255,0,0,0.01,1
9/20/2019,1.748188027,0,0,1.074084689,0,1.838849091,1.69019608,1,2,1.378397901,1.505149978,2.462397998,2.477121255,0,0,0.01,1
9/28/2019,1.716003344,0,0,0.812244697,0,1.740362689,1.643452676,0,1,1.257678575,1.399673721,2.505149978,2.505149978,0,0,0.01,1
10/18/2019,1.672097858,0,0,0.881384657,0,1.77815125,1.579783597,1,1,1.298853076,1.432969291,2.51851394,2.462397998,0,0,0.01,1
10/29/2019,1.491361694,0,0,0.868056362,0,1.544068044,1.255272505,0,1,1.340444115,1.505149978,2.491361694,2.505149978,0,1,0.01,1
11/19/2019,1.672097858,0,0,0.764922985,0,1.73239376,1.544068044,0,0,1.378397901,1.492760389,2.477121255,2.491361694,0,1,0.01,1
11/30/2019,1.431363764,0,0,0.747411808,0,1.556302501,1.230448921,0,0,1.206825876,1.340444115,2.204119983,2.204119983,0,1,0.01,1
12/3/2019,1.544068044,0,0,0.350248018,0,1.591064607,1.51851394,0,0,0.908485019,1.004321374,2.176091259,2.176091259,1,0,0.01,1
12/19/2019,1.51851394,0,0,1.003029471,0,1.653212514,1.477121255,0,2,1.361727836,1.477121255,2.079181246,2.079181246,0,0,0.01,1
12/25/2019,1.491361694,0,0,0.463892989,0,1.544068044,1.447158031,0,0,0.908485019,1.004321374,2.113943352,2.146128036,0,0,0.01,1
2/15/2019,1.612783857,0,1,0.881384657,0,1.633468456,1.505149978,0,1,1.257678575,1.399673721,2.414973348,2.414973348,0,0,0,0
3/29/2019,1.653212514,0,1,0.90579588,0,1.748188027,1.556302501,0,1,1.298853076,1.463892989,2.544068044,2.51851394,0,0,0,0
4/4/2019,1.73239376,0,1,0.929418926,0,1.819543936,1.681241237,1,2,1.257678575,1.378397901,2.079181246,2.079181246,0,0,0,0
4/21/2019,1.740362689,0,1,1.31344537,0,1.826074803,1.681241237,1,2,1.519827994,1.624282096,2.447158031,2.477121255,0,0,0,0
5/18/2019,1.716003344,0,1,0.691965103,0,1.826074803,1.662757832,1,0,1.149219113,1.257678575,2.397940009,2.397940009,0,1,0,0
9/9/2019,1.785329835,0,1,0.579783597,0,1.86923172,1.716003344,1,0,0.949390007,1.176091259,1.602059991,2.505149978,0,1,0,0
10/5/2019,1.672097858,0,1,0.710963119,0,1.792391689,1.568201724,1,0,1.176091259,1.278753601,2.505149978,2.477121255,0,0,0,0
10/20/2019,1.643452676,0,1,0.729974286,0,1.698970004,1.544068044,0,0,1.113943352,1.230448921,2.113943352,2.491361694,0,0,0,0
1/1/2019,1.361727836,0,0,0.796574333,0,1.477121255,1.146128036,0,1,1.149219113,1.257678575,2.146128036,2.176091259,0,0,0,0
1/2/2019,1.380211242,0,0,0.962369336,0,1.505149978,1.255272505,0,2,1.149219113,1.278753601,2.146128036,2.146128036,0,0,0,0
1/3/2019,1.414973348,0,0,0.710963119,0,1.579783597,1.255272505,0,0,1.206825876,1.340444115,2.230448921,2.255272505,0,0,0,0
1/4/2019,1.491361694,0,0,0.553883027,0,1.579783597,1.361727836,0,0,1.113943352,1.230448921,2.204119983,2.230448921,0,0,0,0
1/5/2019,1.462397998,0,0,0.82672252,0,1.662757832,1.361727836,0,1,1.413299764,1.556302501,2.041392685,2.079181246,0,0,0,0
1/6/2019,1.62324929,0,0,1.003029471,0,1.672097858,1.544068044,0,2,1.361727836,1.492760389,2.079181246,2.113943352,0,0,0,0
1/8/2019,1.51851394,0,0,1.031004281,0,1.662757832,1.431363764,0,2,1.257678575,1.378397901,2.176091259,2.176091259,0,0,0,0
1/9/2019,1.612783857,0,0,1.048441804,0,1.698970004,1.556302501,0,2,1.361727836,1.492760389,2.176091259,2.146128036,0,0,0,0
1/11/2019,1.579783597,0,0,0.881384657,0,1.681241237,1.431363764,0,1,1.257678575,1.399673721,2.230448921,2.255272505,0,0,0,0
1/12/2019,1.51851394,0,0,0.796574333,0,1.62324929,1.380211242,0,1,1.230448921,1.361727836,2.230448921,2.230448921,0,0,0,0
1/13/2019,1.462397998,0,0,0.691965103,0,1.568201724,1.342422681,0,0,1.08278537,1.206825876,2.204119983,2.176091259,0,0,0,0
1/14/2019,1.414973348,0,0,0.650307523,0,1.556302501,1.278753601,0,0,1.149219113,1.230448921,2.176091259,2.204119983,0,0,0,0
1/21/2019,1.579783597,0,0,1.194791758,0,1.62324929,1.447158031,0,2,1.505149978,1.632457292,2.505149978,2.51851394,0,0,0,0
1/22/2019,1.491361694,0,0,0.691965103,0,1.591064607,1.361727836,0,0,1.149219113,1.257678575,2.477121255,2.462397998,0,0,0,0
1/24/2019,1.556302501,0,0,0.672097858,0,1.672097858,1.462397998,0,0,1.176091259,1.361727836,2.51851394,2.51851394,0,0,0,0
1/25/2019,1.556302501,0,0,0.710963119,0,1.672097858,1.431363764,0,0,1.206825876,1.340444115,2.51851394,2.505149978,0,0,0,0
1/26/2019,1.544068044,0,0,0.526339277,0,1.707570176,1.397940009,0,0,1.176091259,1.278753601,2.477121255,2.477121255,0,0,0,0
1/27/2019,1.591064607,0,0,0.812244697,0,1.69019608,1.491361694,0,1,1.206825876,1.322219295,2.176091259,2.176091259,0,0,0,0
1/28/2019,1.544068044,0,0,0.781036939,0,1.653212514,1.380211242,0,0,1.257678575,1.413299764,2.176091259,2.255272505,0,0,0,0
1/29/2019,1.505149978,0,0,0.62838893,0,1.633468456,1.361727836,0,0,1.08278537,1.176091259,2.113943352,2.146128036,0,0,0,0
1/30/2019,1.491361694,0,0,0.553883027,0,1.633468456,1.342422681,0,0,1.113943352,1.206825876,2.146128036,2.113943352,0,0,0,0
1/31/2019,1.51851394,0,0,0.729974286,0,1.681241237,1.414973348,0,0,1.176091259,1.278753601,2.146128036,2.176091259,0,0,0,0
2/1/2019,1.556302501,0,0,0.605305046,0,1.755874856,1.414973348,0,0,1.257678575,1.378397901,2.176091259,2.176091259,0,0,0,0
2/6/2019,1.462397998,1,0,1.105510185,0,1.51851394,1.301029996,0,2,1.361727836,1.477121255,2.491361694,2.462397998,0,1,0,0
2/7/2019,1.342422681,0,0,0.650307523,0,1.505149978,1.113943352,0,0,1.149219113,1.322219295,2.146128036,2.176091259,0,0,0,0
2/8/2019,1.397940009,0,0,1.031004281,0,1.544068044,1.278753601,0,2,1.257678575,1.378397901,2.146128036,2.146128036,0,1,0,0
2/12/2019,1.531478917,0,0,1.089905111,0,1.612783857,1.462397998,0,2,1.340444115,1.447158031,2.146128036,2.176091259,0,0,0,0
2/18/2019,1.462397998,0,0,0.940516485,0,1.544068044,1.322219295,0,2,1.340444115,1.463892989,2.51851394,2.51851394,0,0,0,0
2/22/2019,1.361727836,1,0,0.672097858,0,1.544068044,1,0,0,1.113943352,1.230448921,2.113943352,2.113943352,0,0,0,0
2/23/2019,1.491361694,0,0,1.048441804,0,1.568201724,1.447158031,0,2,1.298853076,1.413299764,2.041392685,2.041392685,0,1,0,0
3/1/2019,1.544068044,0,0,0.868056362,0,1.662757832,1.431363764,0,1,1.298853076,1.378397901,2.51851394,2.51851394,0,0,0,0
3/2/2019,1.531478917,0,0,0.650307523,0,1.633468456,1.380211242,0,0,1.08278537,1.149219113,2.505149978,2.505149978,0,0,0,0
3/3/2019,1.51851394,0,0,0.526339277,0,1.643452676,1.361727836,0,0,1.08278537,1.206825876,2.176091259,2.176091259,0,0,0,0
3/4/2019,1.556302501,0,0,0.983175072,0,1.681241237,1.447158031,0,2,1.230448921,1.361727836,2.230448921,2.255272505,0,0,0,0
3/7/2019,1.653212514,0,0,0.893761762,0,1.681241237,1.544068044,0,1,1.206825876,1.378397901,2.505149978,2.544068044,0,0,0,0
3/8/2019,1.556302501,0,0,0.918030337,0,1.653212514,1.447158031,0,1,1.361727836,1.505149978,2.51851394,2.51851394,0,1,0,0
3/9/2019,1.51851394,0,0,0.840733235,0,1.602059991,1.380211242,0,1,1.176091259,1.322219295,2,2,0,1,0,0
3/10/2019,1.556302501,0,0,0.62838893,0,1.672097858,1.431363764,0,0,1.149219113,1.298853076,2.491361694,2.491361694,0,0,0,0
3/11/2019,1.568201724,0,0,0.605305046,0,1.716003344,1.380211242,0,0,1.08278537,1.176091259,2.113943352,2.113943352,0,0,0,0
3/13/2019,1.544068044,0,0,1.20709554,0,1.653212514,1.462397998,0,2,1.492760389,1.624282096,2.51851394,2.51851394,0,0,0,0
3/14/2019,1.544068044,0,0,0.82672252,0,1.662757832,1.342422681,0,1,1.176091259,1.278753601,2.491361694,2.491361694,0,0,0,0
3/15/2019,1.579783597,0,0,0.62838893,0,1.73239376,1.447158031,0,0,1.004321374,1.230448921,2.113943352,2.431363764,0,0,0,0
3/16/2019,1.633468456,0,0,0.691965103,0,1.770852012,1.477121255,1,0,1.149219113,1.257678575,2.146128036,2.146128036,0,0,0,0
3/17/2019,1.653212514,0,0,0.729974286,0,1.763427994,1.51851394,1,0,1.113943352,1.361727836,2.176091259,2.505149978,0,0,0,0
3/18/2019,1.672097858,0,0,0.893761762,0,1.799340549,1.544068044,1,1,1.206825876,1.298853076,2.176091259,2.255272505,0,0,0,0
3/19/2019,1.69019608,0,0,1.048441804,0,1.819543936,1.556302501,1,2,1.298853076,1.399673721,2.079181246,2.176091259,0,0,0,0
3/20/2019,1.698970004,0,0,1.031004281,0,1.832508913,1.505149978,1,2,1.447158031,1.567026366,2.176091259,2.176091259,0,0,0,0
3/21/2019,1.707570176,0,0,0.62838893,0,1.792391689,1.556302501,1,0,1.004321374,1.149219113,2.041392685,2.342422681,0,0,0,0
3/22/2019,1.716003344,0,0,0.691965103,0,1.792391689,1.612783857,1,0,1.206825876,1.399673721,2.176091259,2.230448921,0,0,0,0
3/25/2019,1.672097858,0,0,1.230448921,0,1.785329835,1.579783597,1,2,1.505149978,1.632457292,2.079181246,2.113943352,0,0,0,0
3/30/2019,1.662757832,0,0,0.605305046,0,1.770852012,1.531478917,1,0,0.949390007,1.113943352,2.113943352,2.414973348,0,0,0,0
3/31/2019,1.681241237,0,0,0.672097858,0,1.785329835,1.556302501,1,0,1.113943352,1.206825876,2.146128036,2.113943352,0,0,0,0
4/1/2019,1.707570176,0,0,0.962369336,0,1.77815125,1.633468456,1,2,1.176091259,1.278753601,2.041392685,2.146128036,0,0,0,0
4/10/2019,1.653212514,0,0,1.318063335,0,1.740362689,1.602059991,0,2,1.505149978,1.602059991,2.491361694,2.462397998,0,0,0,0
4/17/2019,1.707570176,0,0,0.951823035,0,1.799340549,1.612783857,1,2,1.322219295,1.567026366,2.447158031,2.477121255,0,0,0,0
4/18/2019,1.740362689,0,0,0.729974286,0,1.86332286,1.62324929,1,0,1.176091259,1.257678575,2.079181246,2.079181246,0,0,0,0
4/19/2019,1.812913357,0,0,1.012415375,0,1.913813852,1.716003344,2,2,1.230448921,1.361727836,2.380211242,2.176091259,0,0,0,0
4/22/2019,1.740362689,0,0,0.729974286,0,1.838849091,1.612783857,1,0,1.230448921,1.340444115,2.491361694,2.491361694,0,0,0,0
4/23/2019,1.77815125,0,0,0.82672252,0,1.875061263,1.672097858,1,1,1.378397901,1.463892989,2.505149978,2.505149978,0,0,0,0
4/24/2019,1.785329835,0,0,0.881384657,0,1.84509804,1.698970004,1,1,1.340444115,1.463892989,2.531478917,2.505149978,0,0,0,0
4/25/2019,1.755874856,0,0,0.62838893,0,1.857332496,1.602059991,1,0,1.08278537,1.176091259,1.954242509,2.204119983,0,1,0,0
4/26/2019,1.77815125,0,0,0.992995098,0,1.832508913,1.69019608,1,2,1.361727836,1.505149978,2.531478917,2.531478917,0,0,0,0
4/27/2019,1.740362689,0,0,1.021602716,0,1.838849091,1.591064607,1,2,1.477121255,1.611723308,2.491361694,2.505149978,0,0,0,0
4/28/2019,1.69019608,0,0,1.112939976,0,1.748188027,1.544068044,0,2,1.340444115,1.463892989,2.477121255,2.505149978,0,0,0,0
4/29/2019,1.672097858,0,0,0.983175072,0,1.763427994,1.531478917,1,2,1.340444115,1.447158031,2.491361694,2.447158031,0,0,0,0
4/30/2019,1.662757832,0,0,0.983175072,0,1.770852012,1.544068044,1,2,1.505149978,1.632457292,1.301029996,1.301029996,0,1,0,0
5/1/2019,1.662757832,0,0,0.605305046,0,1.785329835,1.491361694,1,0,1.08278537,1.257678575,2.51851394,2.380211242,0,0,0,0
5/2/2019,1.716003344,0,0,0.973127854,0,1.819543936,1.579783597,1,2,1.322219295,1.463892989,2.51851394,2.531478917,0,0,0,0
5/3/2019,1.748188027,0,0,0.764922985,0,1.86332286,1.602059991,1,0,1.113943352,1.278753601,2.505149978,2.544068044,0,0,0,0
5/4/2019,1.77815125,0,0,0.82672252,0,1.875061263,1.662757832,1,1,1.230448921,1.378397901,2.544068044,2.462397998,0,0,0,0
5/5/2019,1.792391689,0,0,0.796574333,0,1.886490725,1.681241237,1,1,1.206825876,1.322219295,2.544068044,2.531478917,0,0,0,0
5/6/2019,1.799340549,0,0,0.893761762,0,1.892094603,1.672097858,1,1,1.322219295,1.505149978,2.462397998,2.491361694,0,0,0,0
5/7/2019,1.799340549,0,0,1.105510185,0,1.892094603,1.643452676,1,2,1.492760389,1.663700925,2.505149978,2.477121255,0,0,0,0
5/8/2019,1.799340549,0,0,1.048441804,0,1.880813592,1.681241237,1,2,1.361727836,1.545307116,2.531478917,2.51851394,0,0,0,0
5/9/2019,1.785329835,0,0,0.90579588,1,1.832508913,1.69019608,1,1,1.361727836,1.477121255,2.176091259,2.176091259,0,0,0,0
5/10/2019,1.763427994,0,0,0.868056362,0,1.857332496,1.662757832,1,1,1.149219113,1.322219295,2.079181246,2.431363764,0,0,0,0
5/11/2019,1.799340549,0,0,0.781036939,0,1.908485019,1.69019608,2,0,1.08278537,1.361727836,2.544068044,2.491361694,0,0,0,0
5/12/2019,1.838849091,0,0,0.840733235,0,1.934498451,1.72427587,2,1,1.206825876,1.340444115,2.556302501,2.505149978,0,0,0,0
5/13/2019,1.84509804,0,0,0.764922985,0,1.939519253,1.73239376,2,0,1.113943352,1.206825876,2.414973348,2.51851394,0,0,0,0
5/14/2019,1.857332496,0,0,0.940516485,0,1.924279286,1.770852012,2,2,1.361727836,1.477121255,2.505149978,2.505149978,0,0,0,0
5/15/2019,1.826074803,0,0,0.90579588,0,1.851258349,1.748188027,1,1,1.206825876,1.322219295,1,2.556302501,0,0,0,0
5/23/2019,1.740362689,0,0,0.918030337,0,1.857332496,1.681241237,1,2,1.413299764,1.567026366,2.146128036,2.113943352,0,0,0,0
5/31/2019,1.806179974,0,0,0.893761762,1,1.903089987,1.740362689,1,1,1.257678575,1.399673721,2,2.041392685,0,0,0,0
6/1/2019,1.838849091,0,0,0.729974286,1,1.913813852,1.763427994,2,0,1.206825876,1.298853076,1.698970004,1.77815125,0,0,0,0
6/2/2019,1.84509804,0,0,0.764922985,0,1.924279286,1.755874856,2,0,1.113943352,1.257678575,2.079181246,2.431363764,0,0,0,0
6/3/2019,1.86923172,0,0,0.796574333,0,1.929418926,1.792391689,2,1,1.176091259,1.361727836,2.505149978,2.477121255,0,0,0,0
6/4/2019,1.857332496,0,0,0.868056362,0,1.924279286,1.755874856,2,1,1.257678575,1.340444115,2.462397998,2.462397998,0,0,0,0
6/5/2019,1.851258349,0,0,0.747411808,1,1.944482672,1.72427587,2,0,1.322219295,1.477121255,2.146128036,2.204119983,0,0,0,0
6/6/2019,1.851258349,0,0,1.074084689,0,1.880813592,1.716003344,1,2,1.545307116,1.653212514,2.477121255,2.477121255,0,1,0,0
6/7/2019,1.72427587,0,0,1.021602716,0,1.792391689,1.653212514,1,2,1.463892989,1.556302501,2.462397998,2.462397998,0,0,0,0
6/8/2019,1.707570176,0,0,0.881384657,0,1.806179974,1.602059991,1,1,1.257678575,1.492760389,2.447158031,2.51851394,0,0,0,0
6/9/2019,1.763427994,0,0,0.881384657,0,1.875061263,1.653212514,1,1,1.206825876,1.340444115,2.146128036,2.079181246,0,0,0,0
6/10/2019,1.819543936,0,0,0.747411808,0,1.913813852,1.716003344,2,0,1.113943352,1.257678575,2.041392685,2.531478917,0,0,0,0
6/11/2019,1.851258349,0,0,0.918030337,0,1.934498451,1.740362689,2,2,1.176091259,1.361727836,2.477121255,2.447158031,0,0,0,0
6/13/2019,1.880813592,0,0,0.796574333,0,1.949390007,1.785329835,2,1,1.298853076,1.399673721,2.505149978,2.505149978,0,0,0,0
6/14/2019,1.875061263,0,0,0.90579588,0,1.939519253,1.785329835,2,1,1.361727836,1.505149978,2.505149978,2.477121255,0,0,0,0
6/15/2019,1.857332496,0,0,0.868056362,0,1.934498451,1.740362689,2,1,1.206825876,1.340444115,2.505149978,2.505149978,0,0,0,0
6/16/2019,1.857332496,0,0,0.82672252,0,1.944482672,1.748188027,2,1,1.257678575,1.361727836,2.477121255,2.531478917,0,0,0,0
6/17/2019,1.875061263,0,0,0.854913022,0,1.949390007,1.770852012,2,1,1.257678575,1.378397901,2.544068044,2.51851394,0,0,0,0
6/18/2019,1.875061263,0,0,0.90579588,0,1.939519253,1.763427994,2,1,1.257678575,1.432969291,2.531478917,2.477121255,0,0,0,0
6/19/2019,1.851258349,0,0,1.074084689,0,1.903089987,1.748188027,1,2,1.399673721,1.556302501,2.477121255,2.477121255,0,1,0,0
6/21/2019,1.740362689,0,0,0.992995098,0,1.826074803,1.643452676,1,2,1.378397901,1.505149978,2.477121255,2.477121255,0,0,0,0
6/22/2019,1.763427994,0,0,0.840733235,0,1.875061263,1.62324929,1,1,1.206825876,1.432969291,2.51851394,2.51851394,0,0,0,0
6/23/2019,1.826074803,0,0,0.929418926,0,1.892094603,1.72427587,1,2,1.298853076,1.463892989,2.531478917,2.51851394,0,0,0,0
6/24/2019,1.812913357,0,0,0.82672252,0,1.897627091,1.698970004,1,1,1.206825876,1.413299764,2.544068044,1.301029996,0,0,0,0
6/25/2019,1.838849091,0,0,0.764922985,0,1.913813852,1.755874856,2,0,1.149219113,1.278753601,2.51851394,2.51851394,0,0,0,0
6/26/2019,1.838849091,0,0,0.840733235,0,1.949390007,1.740362689,2,1,1.340444115,1.492760389,2.491361694,2.230448921,0,0,0,0
6/27/2019,1.857332496,0,0,0.962369336,0,1.908485019,1.763427994,2,2,1.298853076,1.399673721,2.477121255,2.462397998,0,0,0,0
6/28/2019,1.812913357,0,0,0.747411808,0,1.86923172,1.740362689,1,0,1.149219113,1.278753601,2.431363764,1.954242509,0,0,0,0
6/29/2019,1.838849091,0,0,0.650307523,0,1.944482672,1.716003344,2,0,1.113943352,1.298853076,2.531478917,2.204119983,0,0,0,0
6/30/2019,1.86923172,0,0,0.893761762,0,1.949390007,1.763427994,2,1,1.230448921,1.413299764,2.491361694,2.544068044,0,0,0,0
7/1/2019,1.86923172,0,0,0.796574333,0,1.963787827,1.748188027,2,1,1.230448921,1.378397901,2.477121255,2.447158031,0,0,0,0
7/2/2019,1.86923172,0,0,1.057285644,0,1.919078092,1.763427994,2,2,1.322219295,1.432969291,2.477121255,2.505149978,0,0,0,0
7/3/2019,1.838849091,0,0,1.012415375,0,1.897627091,1.740362689,1,2,1.298853076,1.432969291,2.477121255,2.51851394,0,0,0,0
7/4/2019,1.826074803,0,0,0.710963119,0,1.913813852,1.72427587,2,0,1.149219113,1.278753601,2.447158031,2.477121255,0,0,0,0
7/5/2019,1.86332286,0,0,0.868056362,0,1.959041392,1.770852012,2,1,1.230448921,1.322219295,2.113943352,2.113943352,0,0,0,0
7/6/2019,1.897627091,0,0,0.951823035,1,1.963787827,1.812913357,2,2,1.230448921,1.361727836,2.041392685,2.079181246,0,0,0,0
7/7/2019,1.875061263,0,0,0.812244697,0,1.934498451,1.799340549,2,1,1.230448921,1.399673721,2.477121255,2.477121255,0,0,0,0
7/8/2019,1.851258349,0,0,0.672097858,0,1.929418926,1.755874856,2,0,1.257678575,1.257678575,2,2,0,0,0,0
7/9/2019,1.857332496,0,0,0.691965103,0,1.944482672,1.73239376,2,0,1.08278537,1.230448921,2.079181246,1.301029996,0,1,0,0
7/10/2019,1.903089987,0,0,0.868056362,0,1.977723605,1.838849091,2,1,1.206825876,1.298853076,2.146128036,2.146128036,0,0,0,0
7/11/2019,1.897627091,0,0,0.764922985,0,1.982271233,1.799340549,2,0,1.230448921,1.322219295,2.51851394,2.51851394,0,0,0,0
7/12/2019,1.908485019,0,0,0.747411808,1,1.995635195,1.799340549,2,0,1.230448921,1.340444115,2.079181246,2.041392685,0,0,0,0
7/13/2019,1.924279286,0,0,0.764922985,1,1.991226076,1.832508913,2,0,1.176091259,1.298853076,2.477121255,2.505149978,0,0,0,0
7/14/2019,1.908485019,0,0,0.881384657,0,1.973127854,1.799340549,2,1,1.545307116,1.663700925,2.491361694,2.491361694,0,1,0,0
7/15/2019,1.892094603,0,0,0.90579588,0,1.959041392,1.785329835,2,1,1.447158031,1.556302501,2.477121255,2.477121255,0,0,0,0
7/16/2019,1.86923172,0,0,0.962369336,0,1.934498451,1.799340549,2,2,1.257678575,1.399673721,2.491361694,2.491361694,0,0,0,0
7/17/2019,1.86923172,0,0,0.764922985,0,1.954242509,1.770852012,2,0,1.230448921,1.361727836,2.51851394,2.491361694,0,0,0,0
7/18/2019,1.880813592,0,0,0.82672252,0,1.939519253,1.792391689,2,1,1.230448921,1.432969291,2.505149978,2.505149978,0,0,0,0
7/19/2019,1.851258349,0,0,1.012415375,0,1.908485019,1.763427994,2,2,1.230448921,1.378397901,2.544068044,2.477121255,0,0,0,0
7/20/2019,1.84509804,0,0,0.893761762,0,1.949390007,1.72427587,2,1,1.298853076,1.399673721,2.477121255,2.477121255,0,0,0,0
7/21/2019,1.875061263,0,0,0.62838893,0,1.986771734,1.755874856,2,0,1.004321374,1.149219113,2.531478917,1,0,0,0,0
7/22/2019,1.929418926,0,0,0.796574333,0,2.008600172,1.84509804,2,1,1.257678575,1.378397901,2.176091259,2.176091259,0,0,0,0
7/23/2019,1.939519253,0,0,0.918030337,0,1.982271233,1.880813592,2,2,1.447158031,1.589949601,2.414973348,2.380211242,0,1,0,0
7/24/2019,1.897627091,0,0,0.940516485,0,1.949390007,1.812913357,2,2,1.230448921,1.378397901,2.544068044,2.505149978,0,0,0,0
7/25/2019,1.875061263,0,0,0.764922985,0,1.977723605,1.755874856,2,0,1.206825876,1.298853076,2.477121255,2.477121255,0,0,0,0
7/26/2019,1.892094603,0,0,0.710963119,0,1.944482672,1.799340549,2,0,1.113943352,1.298853076,2.544068044,2.113943352,0,0,0,0
7/27/2019,1.886490725,0,0,0.82672252,0,1.973127854,1.812913357,2,1,1.230448921,1.361727836,2.477121255,2.462397998,0,0,0,0
7/28/2019,1.892094603,0,0,0.710963119,0,1.982271233,1.77815125,2,0,1.230448921,1.432969291,2.342422681,2.342422681,0,0,0,0
7/30/2019,1.919078092,0,0,0.854913022,0,1.982271233,1.838849091,2,1,1.149219113,1.298853076,2.51851394,2.505149978,0,0,0,0
7/31/2019,1.908485019,0,0,0.747411808,0,1.991226076,1.806179974,2,0,1.113943352,1.206825876,2.51851394,2.531478917,0,0,0,0
8/1/2019,1.908485019,0,0,0.691965103,0,1.991226076,1.799340549,2,0,1.176091259,1.340444115,2.146128036,2.113943352,0,0,0,0
8/3/2019,1.897627091,0,0,0.579783597,0,1.986771734,1.799340549,2,0,1.176091259,1.278753601,2.51851394,2.505149978,0,0,0,0
8/4/2019,1.908485019,0,0,0.672097858,0,1.995635195,1.799340549,2,0,0.949390007,1.149219113,2.462397998,2.462397998,0,0,0,0
8/5/2019,1.919078092,0,0,0.672097858,0,2,1.812913357,2,0,1.113943352,1.206825876,2.491361694,2.491361694,0,0,0,0
8/6/2019,1.929418926,0,0,0.881384657,0,2.004321374,1.86332286,2,1,1.361727836,1.505149978,2.505149978,2.544068044,0,0,0,0
8/7/2019,1.929418926,0,0,0.840733235,0,1.995635195,1.86923172,2,1,1.298853076,1.463892989,2.477121255,2.505149978,0,0,0,0
8/8/2019,1.908485019,0,0,0.90579588,0,1.939519253,1.857332496,2,1,1.340444115,1.505149978,2.176091259,2.146128036,0,0,0,0
8/11/2019,1.832508913,0,0,0.868056362,0,1.892094603,1.763427994,1,1,1.257678575,1.413299764,2.544068044,2.531478917,0,0,0,0
8/12/2019,1.838849091,0,0,0.747411808,0,1.924279286,1.740362689,2,0,1.149219113,1.298853076,2.531478917,2.447158031,0,0,0,0
8/13/2019,1.86923172,0,0,0.764922985,0,1.959041392,1.770852012,2,0,1.113943352,1.230448921,2.462397998,2.477121255,0,0,0,0
8/14/2019,1.892094603,0,0,0.840733235,0,1.977723605,1.792391689,2,1,1.176091259,1.298853076,2.51851394,2.531478917,0,0,0,0
8/15/2019,1.886490725,0,0,0.854913022,0,1.954242509,1.77815125,2,1,1.298853076,1.413299764,2.544068044,2.531478917,0,0,0,0
8/16/2019,1.86923172,0,0,0.796574333,0,1.939519253,1.755874856,2,1,1.230448921,1.399673721,2.531478917,2.505149978,0,0,0,0
8/17/2019,1.851258349,0,0,0.764922985,0,1.934498451,1.73239376,2,0,1.176091259,1.340444115,2.531478917,2.544068044,0,0,0,0
8/18/2019,1.875061263,0,0,0.764922985,0,1.973127854,1.770852012,2,0,1.149219113,1.230448921,2.462397998,2.544068044,0,0,0,0
8/19/2019,1.908485019,0,0,0.82672252,0,1.977723605,1.799340549,2,1,1.176091259,1.298853076,2.491361694,2.477121255,0,0,0,0
8/20/2019,1.903089987,0,0,0.747411808,0,1.991226076,1.806179974,2,0,1.113943352,1.230448921,2.491361694,2.462397998,0,0,0,0
8/21/2019,1.908485019,0,0,0.881384657,0,1.986771734,1.819543936,2,1,1.378397901,1.505149978,2.477121255,2.477121255,0,0,0,0
8/22/2019,1.880813592,0,0,1.135132651,0,1.919078092,1.792391689,2,2,1.361727836,1.519827994,2.477121255,2.462397998,0,0,0,0
8/23/2019,1.851258349,0,0,0.650307523,0,1.939519253,1.740362689,2,0,1.149219113,1.278753601,2.491361694,2.477121255,0,0,0,0
8/24/2019,1.886490725,0,0,0.729974286,0,1.977723605,1.792391689,2,0,1.08278537,1.257678575,1,2.556302501,0,0,0,0
8/25/2019,1.875061263,0,0,0.881384657,0,1.934498451,1.755874856,2,1,1.378397901,1.519827994,2.51851394,2.531478917,0,0,0,0
8/26/2019,1.84509804,0,0,0.796574333,0,1.919078092,1.716003344,2,1,1.206825876,1.361727836,2.462397998,2.447158031,0,0,0,0
8/27/2019,1.851258349,0,0,0.729974286,0,1.949390007,1.72427587,2,0,1.113943352,1.230448921,2.176091259,2.176091259,0,0,0,0
8/28/2019,1.880813592,0,0,0.691965103,0,1.986771734,1.770852012,2,0,1.08278537,1.206825876,2.113943352,2.113943352,0,0,0,0
8/29/2019,1.913813852,0,0,0.868056362,0,1.977723605,1.838849091,2,1,1.340444115,1.492760389,2.447158031,2.447158031,0,0,0,0
8/30/2019,1.892094603,0,0,0.82672252,0,1.963787827,1.785329835,2,1,1.230448921,1.378397901,2.491361694,2.477121255,0,1,0,0
8/31/2019,1.897627091,0,0,0.82672252,0,1.982271233,1.812913357,2,1,1.113943352,1.257678575,2.113943352,2.556302501,0,0,0,0
9/1/2019,1.908485019,0,0,0.747411808,0,1.986771734,1.812913357,2,0,1.149219113,1.298853076,2.079181246,2.113943352,0,0,0,0
9/2/2019,1.892094603,0,0,0.764922985,0,1.973127854,1.792391689,2,0,1.08278537,1.257678575,2.51851394,2.531478917,0,0,0,0
9/3/2019,1.897627091,0,0,0.747411808,0,1.982271233,1.792391689,2,0,1.113943352,1.257678575,2.146128036,2.505149978,0,0,0,0
9/4/2019,1.903089987,0,0,0.62838893,0,1.982271233,1.792391689,2,0,1.230448921,1.399673721,2.113943352,2.146128036,0,0,0,0
9/5/2019,1.919078092,0,0,0.992995098,1,1.995635195,1.84509804,2,2,1.556302501,1.707570176,2.278753601,2.255272505,0,1,0,0
9/7/2019,1.851258349,0,0,0.553883027,0,1.924279286,1.763427994,2,0,0.949390007,1.041392685,2.146128036,1,0,0,0,0
9/10/2019,1.785329835,0,0,0.747411808,0,1.851258349,1.698970004,1,0,1.176091259,1.298853076,2.477121255,2.462397998,0,0,0,0
9/11/2019,1.77815125,0,0,0.82672252,0,1.86923172,1.69019608,1,1,1.298853076,1.413299764,2.431363764,2.431363764,0,0,0,0
9/12/2019,1.806179974,0,0,0.812244697,0,1.903089987,1.707570176,1,1,1.176091259,1.298853076,2.113943352,2.113943352,0,0,0,0
9/13/2019,1.832508913,0,0,0.812244697,0,1.929418926,1.755874856,2,1,1.149219113,1.257678575,2.113943352,2.113943352,0,0,0,0
9/14/2019,1.851258349,0,0,0.840733235,0,1.959041392,1.740362689,2,1,1.149219113,1.257678575,2.146128036,2.113943352,0,0,0,0
9/15/2019,1.880813592,0,0,0.973127854,0,1.963787827,1.785329835,2,2,1.298853076,1.463892989,2.146128036,2.113943352,0,0,0,0
9/21/2019,1.755874856,0,0,0.729974286,0,1.851258349,1.653212514,1,0,1.149219113,1.278753601,2.462397998,2.51851394,0,0,0,0
9/22/2019,1.792391689,0,0,0.940516485,0,1.892094603,1.707570176,1,2,1.230448921,1.361727836,2.531478917,2.531478917,0,0,0,0
9/23/2019,1.799340549,0,0,0.840733235,0,1.86332286,1.707570176,1,1,1.206825876,1.378397901,2.462397998,2.51851394,0,0,0,0
9/24/2019,1.799340549,0,0,0.868056362,0,1.886490725,1.716003344,1,1,1.257678575,1.413299764,2.531478917,2.505149978,0,0,0,0
9/25/2019,1.792391689,0,0,0.90579588,0,1.857332496,1.681241237,1,1,1.257678575,1.413299764,2.462397998,2.462397998,0,0,0,0
9/26/2019,1.785329835,0,0,0.82672252,0,1.903089987,1.672097858,1,1,1.340444115,1.477121255,2.51851394,2.531478917,0,0,0,0
9/27/2019,1.799340549,0,0,0.82672252,0,1.851258349,1.698970004,1,1,1.176091259,1.278753601,2.462397998,2.491361694,0,0,0,0
9/29/2019,1.643452676,0,0,0.710963119,0,1.73239376,1.544068044,0,0,1.176091259,1.361727836,2.491361694,2.505149978,0,0,0,0
9/30/2019,1.653212514,0,0,0.747411808,0,1.755874856,1.531478917,0,0,1.113943352,1.230448921,2.51851394,2.322219295,0,0,0,0
10/1/2019,1.672097858,0,0,0.840733235,0,1.755874856,1.579783597,0,1,1.230448921,1.413299764,2.477121255,2.447158031,0,0,0,0
10/2/2019,1.672097858,0,0,0.672097858,0,1.77815125,1.531478917,1,0,1.322219295,1.399673721,2.041392685,2.041392685,0,0,0,0
10/3/2019,1.707570176,0,0,0.854913022,0,1.785329835,1.612783857,1,1,1.149219113,1.278753601,2.176091259,2.176091259,0,0,0,0
10/6/2019,1.69019608,0,0,0.796574333,0,1.812913357,1.544068044,1,1,1.113943352,1.206825876,2.146128036,2.146128036,0,0,0,0
10/7/2019,1.716003344,0,0,0.764922985,0,1.838849091,1.579783597,1,0,1.206825876,1.298853076,2.146128036,2.146128036,0,1,0,0
10/8/2019,1.748188027,0,0,0.983175072,0,1.84509804,1.612783857,1,2,1.399673721,1.492760389,2.477121255,2.531478917,0,0,0,0
10/9/2019,1.662757832,0,0,1.200850498,0,1.69019608,1.51851394,0,2,1.413299764,1.579783597,2.491361694,2.477121255,0,0,0,0
10/10/2019,1.544068044,0,0,0.62838893,0,1.681241237,1.361727836,0,0,1.176091259,1.322219295,2.477121255,2.491361694,0,0,0,0
10/11/2019,1.602059991,0,0,0.881384657,0,1.770852012,1.491361694,1,1,1.113943352,1.230448921,2.176091259,2.146128036,0,0,0,0
10/12/2019,1.653212514,0,0,0.747411808,0,1.785329835,1.505149978,1,0,1.149219113,1.278753601,2.146128036,2.146128036,0,0,0,0
10/13/2019,1.672097858,0,0,0.650307523,0,1.792391689,1.556302501,1,0,1.113943352,1.206825876,2.146128036,2.176091259,0,0,0,0
10/14/2019,1.681241237,0,0,0.729974286,0,1.812913357,1.544068044,1,0,1.149219113,1.257678575,2.531478917,2.544068044,0,1,0,0
10/15/2019,1.716003344,0,0,0.764922985,0,1.86923172,1.602059991,1,0,1.08278537,1.230448921,2.146128036,2.146128036,0,1,0,0
10/16/2019,1.77815125,0,0,0.82672252,0,1.913813852,1.653212514,2,1,1.206825876,1.361727836,2.176091259,2.079181246,0,1,0,0
10/17/2019,1.77815125,0,0,0.90579588,0,1.826074803,1.612783857,1,1,1.230448921,1.399673721,2.462397998,2.477121255,0,0,0,0
10/21/2019,1.662757832,0,0,0.650307523,0,1.748188027,1.602059991,0,0,1.176091259,1.298853076,2.477121255,2.462397998,0,0,0,0
10/23/2019,1.707570176,0,0,1.082066934,0,1.770852012,1.579783597,1,2,1.340444115,1.477121255,2.477121255,2.477121255,0,1,0,0
10/24/2019,1.653212514,0,0,0.62838893,0,1.77815125,1.491361694,1,0,1.08278537,1.206825876,2.505149978,2.556302501,0,0,0,0
10/25/2019,1.698970004,0,0,0.781036939,0,1.832508913,1.612783857,1,0,1.206825876,1.340444115,2.113943352,2.113943352,0,1,0,0
10/26/2019,1.681241237,0,0,1.200850498,0,1.716003344,1.568201724,0,2,1.477121255,1.589949601,2.477121255,2.477121255,0,1,0,0
10/27/2019,1.568201724,0,0,0.840733235,0,1.681241237,1.361727836,0,1,1.257678575,1.378397901,2.491361694,2.491361694,0,1,0,0
10/28/2019,1.51851394,0,0,0.812244697,0,1.62324929,1.361727836,0,1,1.113943352,1.206825876,2.531478917,2.51851394,0,0,0,0
10/30/2019,1.414973348,0,0,0.729974286,0,1.612783857,1.204119983,0,0,1.08278537,1.206825876,2.146128036,2.176091259,0,0,0,0
10/31/2019,1.477121255,0,0,0.62838893,0,1.633468456,1.322219295,0,0,1.08278537,1.176091259,2.113943352,2.176091259,0,0,0,0
11/1/2019,1.51851394,0,0,0.691965103,0,1.681241237,1.322219295,0,0,1.149219113,1.206825876,2.146128036,2.146128036,0,0,0,0
11/2/2019,1.556302501,0,0,0.463892989,0,1.716003344,1.397940009,0,0,1.004321374,1.113943352,2.079181246,2.113943352,0,0,0,0
11/3/2019,1.579783597,0,0,0.463892989,0,1.72427587,1.447158031,0,0,0.949390007,1.113943352,2.477121255,2.477121255,0,0,0,0
11/4/2019,1.62324929,0,0,0.553883027,0,1.770852012,1.477121255,1,0,1.004321374,1.113943352,2.146128036,2.146128036,0,1,0,0
11/5/2019,1.662757832,0,0,0.605305046,0,1.792391689,1.51851394,1,0,1.08278537,1.176091259,2.113943352,2.146128036,0,0,0,0
11/6/2019,1.643452676,0,0,0.553883027,0,1.763427994,1.491361694,0,0,1.149219113,1.206825876,2.477121255,2.477121255,0,1,0,0
11/7/2019,1.643452676,0,0,0.710963119,0,1.755874856,1.505149978,0,0,1.149219113,1.230448921,2.146128036,2.146128036,0,0,0,0
11/8/2019,1.633468456,0,0,0.579783597,0,1.77815125,1.491361694,1,0,1.004321374,1.08278537,2.113943352,2.176091259,0,1,0,0
11/9/2019,1.62324929,0,0,0.463892989,0,1.755874856,1.477121255,0,0,1.004321374,1.149219113,2.146128036,2.113943352,0,1,0,0
11/10/2019,1.653212514,0,0,0.729974286,0,1.785329835,1.556302501,1,0,1.206825876,1.322219295,2.477121255,2.462397998,0,1,0,0
11/11/2019,1.653212514,0,0,0.962369336,0,1.740362689,1.477121255,0,2,1.361727836,1.477121255,2.146128036,2.230448921,0,0,0,0
11/12/2019,1.612783857,0,0,0.672097858,0,1.698970004,1.462397998,0,0,1.206825876,1.340444115,2.146128036,2.146128036,0,1,0,0
11/13/2019,1.612783857,1,0,0.495544338,0,1.748188027,1.505149978,0,0,0.949390007,1.041392685,2.079181246,2.079181246,0,0,0,0
11/14/2019,1.633468456,0,0,0.62838893,0,1.748188027,1.531478917,0,0,1.113943352,1.378397901,2.146128036,2.397940009,0,0,0,0
11/15/2019,1.653212514,0,0,0.463892989,0,1.77815125,1.531478917,1,0,0.908485019,0.949390007,2.431363764,2.079181246,0,1,0,0
11/16/2019,1.672097858,0,0,0.729974286,0,1.73239376,1.556302501,0,0,1.113943352,1.206825876,2.491361694,2.505149978,0,1,0,0
11/17/2019,1.643452676,0,0,0.579783597,0,1.77815125,1.531478917,1,0,0.949390007,1.08278537,2.079181246,2.113943352,0,0,0,0
11/18/2019,1.662757832,0,0,0.553883027,0,1.770852012,1.556302501,1,0,1.08278537,1.176091259,2.146128036,2.230448921,0,0,0,0
11/20/2019,1.602059991,0,0,0.579783597,0,1.740362689,1.477121255,0,0,1.176091259,1.257678575,2.278753601,2.278753601,0,0,0,0
11/21/2019,1.568201724,0,0,0.463892989,0,1.681241237,1.397940009,0,0,0.949390007,1.08278537,2.079181246,2.505149978,0,0,0,0
11/22/2019,1.556302501,0,0,0.62838893,0,1.69019608,1.447158031,0,0,0.949390007,1.08278537,2.079181246,2.146128036,0,0,0,0
11/23/2019,1.556302501,0,0,0.672097858,0,1.707570176,1.397940009,0,0,1.113943352,1.230448921,2.113943352,2.079181246,0,0,0,0
11/24/2019,1.568201724,0,0,0.526339277,0,1.672097858,1.462397998,0,0,0.949390007,1.08278537,2.51851394,2.505149978,0,1,0,0
11/25/2019,1.556302501,0,0,0.992995098,0,1.643452676,1.414973348,0,2,1.378397901,1.492760389,2.477121255,2.491361694,0,1,0,0
11/26/2019,1.491361694,1,0,1.012415375,0,1.568201724,1.342422681,0,2,1.556302501,1.672097858,2.079181246,2.079181246,0,1,0,0
11/28/2019,1.531478917,1,0,0.127104798,0,1.602059991,1.431363764,0,0,0.908485019,0.949390007,2.414973348,2.414973348,0,0,0,0
12/4/2019,1.579783597,0,0,0.62838893,0,1.653212514,1.462397998,0,0,1.206825876,1.298853076,2.176091259,2.176091259,1,0,0,0
12/5/2019,1.51851394,0,0,0.463892989,0,1.602059991,1.462397998,0,0,1.149219113,1.257678575,2.146128036,2.146128036,1,0,0,0
12/6/2019,1.612783857,0,0,1.031004281,0,1.707570176,1.556302501,0,2,1.340444115,1.463892989,2.146128036,2.146128036,0,0,0,0
12/9/2019,1.579783597,0,0,0.579783597,0,1.653212514,1.462397998,0,0,1.113943352,1.230448921,2.477121255,2.462397998,0,0,0,0
12/10/2019,1.544068044,0,0,0.82672252,0,1.653212514,1.447158031,0,1,1.113943352,1.257678575,2.146128036,2.079181246,0,0,0,0
12/15/2019,1.505149978,0,0,0.579783597,0,1.568201724,1.431363764,0,0,1.08278537,1.149219113,2.491361694,2.505149978,0,0,0,0
12/16/2019,1.462397998,0,0,0.495544338,0,1.556302501,1.322219295,0,0,1.08278537,1.206825876,2.447158031,2.447158031,0,0,0,0
12/17/2019,1.431363764,0,0,1.003029471,0,1.556302501,1.278753601,0,2,1.322219295,1.432969291,2.204119983,2.204119983,0,0,0,0
12/18/2019,1.431363764,0,0,0.553883027,0,1.544068044,1.342422681,0,0,1.113943352,1.230448921,2.041392685,2.146128036,0,0,0,0
12/20/2019,1.653212514,0,0,1.148910993,0,1.698970004,1.602059991,0,2,1.378397901,1.519827994,2.079181246,2.079181246,0,0,0,0
12/21/2019,1.643452676,0,0,1.127752516,0,1.698970004,1.602059991,0,2,1.322219295,1.432969291,2.176091259,2.204119983,0,0,0,0
12/22/2019,1.653212514,0,0,1.074084689,0,1.785329835,1.556302501,1,2,1.413299764,1.556302501,2.113943352,2.146128036,0,0,0,0
12/23/2019,1.672097858,0,0,0.691965103,0,1.681241237,1.568201724,0,0,1.149219113,1.278753601,2.146128036,2.146128036,0,0,0,0
12/26/2019,1.505149978,1,0,0.605305046,0,1.51851394,1.491361694,0,0,1.004321374,1.113943352,2.176091259,2.176091259,0,0,0,0
12/27/2019,1.505149978,0,0,0.764922985,0,1.544068044,1.414973348,0,0,1.08278537,1.113943352,2.505149978,2.505149978,0,0,0,0
12/28/2019,1.462397998,0,0,0.350248018,0,1.591064607,1.380211242,0,0,1.113943352,1.206825876,2.477121255,2.477121255,0,0,0,0
12/30/2019,1.491361694,1,0,0.390935107,0,1.531478917,1.462397998,0,0,1.004321374,1.113943352,2.146128036,2.113943352,0,0,0,0
