StartLotKey,WaferId,P_02281_P,P_04928_P,P_05104_P,P_05844_P,P_06198_P,P_06199_P,P_08812_P,P_09320_P,P_09357_P,P_09360_P,P_09366_P,P_09851_P,P_10334_P,P_15926_P,P_16779_P,P_16780_P,P_16874_P,P_16875_P,P_16969_P,P_18071_P,P_00037_P,P_00065_P,P_00097_P,P_00125_P,P_00169_P,P_00863_P,P_00864_P,P_00881_P,P_00882_P,P_03186_P,P_03233_P,P_04800_P,P_05602_P,P_08907_P,P_09529_P,P_00862_P,P_07882_P,Label
4169943,9943-15,0.396,-2088.56,3065,0.648,100.453,97.434,0.308,0.224,87.929,87.398,90.139,-0.029,98.094,0.347,-31.616,-28.89,-692.046,-631.2,-81.503,469.7,18.555,44.244,35.528,18.621,34.893,332.22,187.442,0.611,0.624,21.301,24.218,5.172,518.25,-355.7,-415.9,3.08166E+11,825.7,High
4140213,0213-20,0.384,-3104.77,3128.2,0.661,102.576,97.427,0.321,0.207,89.054,87.229,89.063,-0.027,100.531,0.347,-31.528,-28.99,-686.742,-633.8,-79.545,465.2,16.478,39.895,32.167,15.919,34.268,322.526,208.515,0.961,1.197,21.437,24.42,5.189,618.95,-351.75,-421.9,95488180000,822.1,High
4169943,9943-07,0.39,-2366.22,3086.4,0.649,100.403,96.306,0.305,0.222,88.36,88.016,90.187,-0.02,97.953,0.349,-31.566,-28.628,-686.237,-628.2,-80.934,465.3,17.393,39.542,33.988,17.988,35.011,337.108,189.014,0.632,0.757,21.195,24.228,5.063,517.8,-364.05,-412.8,1.52352E+11,822.6,High
4135663,5663-20,0.384,-2966.25,3046.4,0.645,101.192,98.182,0.226,0.204,85.025,84.697,87.359,-0.053,102.156,0.337,-33.422,-32.254,-728.03,-703.8,-92.841,472.8,17.269,42.508,39.082,17.789,37.304,299.883,208.766,0.599,0.762,21.811,24.47,5.149,585.95,-377.9,-440.7,1.44248E+11,833.7,High
4169943,9943-12,0.388,-1883.92,3242.2,0.652,102.502,97.309,0.376,0.237,87.675,87.224,90.035,-0.024,97.797,0.345,-31.982,-28.934,-692.424,-634.8,-81.616,467.2,18.243,42.888,35.063,18.532,36.234,265.566,198.448,1.113,1.336,21.398,24.257,6.348,628.85,-347.65,-417.1,1.93705E+11,823.3,High
4169943,9943-16,0.388,-2151.86,3216.2,0.666,98.117,96.827,0.296,0.22,86.529,87.371,90.798,-0.026,96.391,0.345,-32.058,-28.81,-696.212,-631.2,-83.169,459.8,17.008,39.57,34.923,17.766,33.88,268.165,188.663,0.39,0.411,21.429,24.336,5.772,574.65,-358.4,-422.6,2.18699E+11,814,High
4169943,9943-23,0.39,-2170.42,3135.8,0.666,99.607,97.231,0.229,0.224,87.042,87.3,90.95,-0.022,96.391,0.347,-32.008,-29.026,-693.561,-635,-83.005,463.3,16.339,36.652,32.568,17.968,31.955,266.52,192.514,0.344,0.326,21.375,24.256,5.967,537.6,-357.45,-418.6,1.22156E+11,818.6,High
4181473,1473-01,0.37,-2708.17,3120.8,0.681,99.179,94.175,0.261,0.23,87.613,88.131,90.541,-0.022,93.5,0.348,-31.452,-28.65,-682.071,-626,-79.141,448.4,17.104,39.687,34.935,18.506,35.189,339.286,205.834,1.016,1.272,21.366,24.263,5.175,599.1,-367.65,-417.6,72124050000,799.4,High
4162983,2983-11,0.378,-3082.48,3155.8,0.676,101.365,103.6,1.403,0.178,85.03,87.314,88.932,-0.041,94.656,0.351,-32.55,-30.256,-704.293,-664,-86.402,440.2,16.935,36.997,32.846,18.436,33.024,277.435,246.193,0.318,0.09,21.837,24.398,6.613,545,-343.35,-419.8,1.26723E+11,789.1,High
4169943,9943-05,0.39,-2154.9,3185.6,0.662,100.201,98.821,0.185,0.235,87.848,87.284,90.535,-0.027,98.297,0.346,-31.755,-28.99,-689.773,-632,-81.705,463.4,17.042,38.157,32.878,18.151,33.739,324.603,189.456,0.569,0.605,21.291,24.239,5.014,582.55,-354.05,-416.2,1.41243E+11,819.7,High
4162983,2983-22,0.382,-2955.48,3107.6,0.685,104.478,102.778,0.885,0.201,86.277,85.308,89.298,-0.051,91.266,0.349,-32.79,-30.524,-710.606,-670,-87.854,443.5,179.298,44.545,32.59,201.568,32.816,270.642,256.306,0.263,0.121,21.885,24.366,6.799,526.05,-347.05,-424.7,2.51099E+11,794.2,High
4169943,9943-25,0.392,-2050.19,3109.4,0.663,98.107,98.176,0.238,0.214,87.447,86.409,89.578,-0.03,94.125,0.346,-31.793,-28.792,-690.152,-634.6,-81.566,461.3,18.966,42.082,35.888,19.762,34.54,272.397,194.794,0.548,0.637,21.383,24.252,6.076,506,-347.4,-420.8,1.78412E+11,815.6,High
4169943,9943-09,0.39,-1930.96,3150.2,0.665,101.328,96.01,0.178,0.218,88.254,87.241,90.435,-0.022,98.281,0.349,-31.944,-28.594,-693.939,-627,-82.753,470.4,16.421,41.361,33.764,17.548,33.956,328.838,188.692,0.599,0.706,21.33,24.276,5.193,585.6,-355.65,-417,1.90976E+11,827.5,High
4162983,2983-01,0.382,-2692.42,3148,0.689,103.326,97.989,0.402,0.188,86.879,86.215,88.782,-0.024,91.375,0.348,-32.664,-30.458,-709.975,-667.8,-86.806,445.3,16.934,38.394,32.747,17.035,33.173,277.374,244.905,0.534,0.478,21.827,24.386,6.856,550.25,-349.5,-424.1,1.54083E+11,796.9,High
4169943,9943-02,0.386,-2268.75,3275.4,0.674,100.088,95.884,0.424,0.225,87.693,87.493,88.636,-0.022,98.266,0.344,-31.717,-28.764,-690.152,-630.6,-80.96,456.2,17.557,39.676,35.046,18.271,35.045,279.032,188.838,0.412,0.471,21.451,24.274,5.92,639.6,-357.8,-422,84745760000,809.4,High
4169943,9943-17,0.388,-2244.81,3154.2,0.669,98.719,96.508,0.052,0.235,87.081,88.143,90.957,-0.028,94.781,0.342,-31.907,-28.834,-691.793,-632,-82.096,460.3,17.639,44.102,36.234,19.184,36.712,254.67,189.781,0.284,0.265,21.342,24.263,5.717,524.15,-361.3,-423.4,1.99402E+11,815.1,High
4147993,7993-05,0.33,-5693.76,3277.6,0.661,100.371,100.743,0.488,0.207,87.398,87.505,90.974,-0.021,95.719,0.346,-31.692,-28.572,-685.985,-625.4,-81.54,456.5,14.963,33.961,31.772,15.151,31.538,326.707,196.97,1.191,1.282,20.684,24.127,5.373,690.5,-343.95,-416.9,1.3836E+11,808.7,High
4135643,5643-05,0.352,-4892.62,3156.8,0.584,97.214,97.133,0.196,0.201,84.738,84.954,86.628,-0.035,117.25,0.335,-33.7,-31.42,-737.247,-689.2,-94.798,518.2,14.985,34.731,32.639,15.94,33.326,331.957,215.076,1.243,1.472,21.574,24.3,5.337,637.85,-374.1,-435.3,1.6142E+11,893.4,High
4169943,9943-19,0.398,-1749.8,3098.4,0.658,98.461,99.899,0.186,0.219,88.175,87.762,89.052,-0.023,95.938,0.347,-31.73,-28.514,-691.288,-628.4,-82.273,463.8,16.533,37.979,33.402,18.023,32.674,268.737,190.524,0.324,0.262,21.45,24.3,5.871,499.6,-349.05,-418.4,1.32935E+11,821.2,High
4169943,9943-21,0.388,-2183.61,3253.8,0.671,100.78,96.88,0.167,0.231,87.39,87.472,90.646,-0.014,97.469,0.346,-32.033,-29.09,-698.99,-634,-83.384,460.4,17.693,40.547,34.527,17.647,33.608,277.802,188.196,0.891,0.778,21.404,24.274,6.065,596.7,-364.95,-421.2,1.27918E+11,813.2,High
4169943,9943-11,0.384,-2326.55,3279.8,0.658,97.827,96.102,0.168,0.206,87.117,87.218,89.782,-0.022,98.406,0.345,-31.806,-28.888,-692.929,-630.2,-82.109,464,17.631,40.402,33.602,18.681,33.37,273.58,189.574,0.276,0.169,21.382,24.271,5.915,602.15,-364.5,-418.1,1.45799E+11,818.4,High
4143193,3193-15,0.362,-2639.4,3075.6,0.663,99.469,105.788,0.619,0.211,85.188,86.433,87.494,-0.025,94.078,0.35,-32.614,-30.97,-709.848,-669,-88.472,456.4,15.614,35.647,33.921,16.028,33.346,335.314,205.106,0.768,0.818,21.514,24.416,5.126,594.15,-317.2,-423.4,49850400000,808.3,High
4143193,3193-24,0.366,-2527.84,3129.2,0.662,100.282,98.631,0.849,0.19,86.318,84.87,88.378,-0.05,98.375,0.349,-31.073,-29.448,-708.46,-674.2,30.821,460.6,16.411,37.363,221.632,15.994,238.136,338.83,208.909,0.815,0.939,21.527,24.4,5.232,622.75,-321.5,-423.5,82177700000,814.3,High
4162983,2983-25,0.384,-2764.04,3155.8,0.688,103.791,103.176,0.489,0.209,86.89,86.88,89.004,-0.023,96.281,0.35,-32.639,-30.534,-706.439,-672.4,-86.465,445.3,16.02,38.27,32.595,16.948,31.556,278.909,253.424,0.183,0.124,21.829,24.332,6.598,531.4,-346,-424.5,1.27918E+11,795.1,High
4173903,3903-05,0.352,-3089.8,3102.8,0.659,102.766,95.032,0.737,0.204,88.196,87.726,90.176,-0.027,98.656,0.343,-31.086,-28.396,-678.535,-621,-78.068,457.4,15.8,35.212,33.586,17.272,33.655,328.838,211.047,1.066,0.653,20.587,24.002,5.171,591.55,-336,-416.4,1.30378E+11,810.5,High
4169943,9943-13,0.388,-2302.66,3197.2,0.658,106.591,102.298,0.2,0.22,86.601,87.495,90.397,-0.029,98.922,0.345,-31.717,-28.72,-687.752,-629.8,-81.2,464.4,17.221,39.141,33.85,17.777,33.724,329.01,188.254,0.581,0.685,21.273,24.213,5.06,583.95,-343.3,-421.3,1.96512E+11,817.8,High
4162983,2983-19,0.378,-3063.4,3132,0.677,97.946,102.591,0.775,0.182,86.866,87.234,87.969,-0.029,95.219,0.349,-32.702,-30.03,-710.732,-663.2,-87.248,447.8,16.458,41.557,32.539,17.315,33.454,271.458,251.589,0.315,0.216,21.826,24.333,6.768,553.6,-345.25,-419.6,86365100000,800.1,High
4173913,3913-24,0.352,-4312.15,3206.6,0.66,101.766,97.273,0.2,0.183,86.905,87.088,88.268,-0.044,98.312,0.361,-32.45,-30.184,-703.157,-658.4,-88.194,467.1,16.778,37.979,30.713,16.765,30.415,280.836,221.821,0.168,0.31,21.58,24.334,6.028,614.45,-1534,-417.1,1.04302E+11,825.2,High
4143203,3203-25,0.37,-3590.68,3292,0.661,96.446,90.503,0.584,0.206,93.945,91.028,92.212,0.034,94.844,0.36,-30.997,-28.72,-697.096,-640.2,-83.346,468.3,62.543,78.953,83.963,76.019,92.432,353.665,188.868,0.941,1.115,0.018,0.018,4.991,645.2,-338.35,-429,1.39787E+11,827.1,High
4162983,2983-15,0.378,-3193.3,3127.2,0.676,99.723,103.705,0.652,0.197,87.022,86.442,88.875,-0.047,94.984,0.345,-32.929,-30.818,-714.268,-676.4,-90.682,445.7,16.766,38.918,33.976,17.686,35.735,270.526,252.844,0.452,0.414,21.855,24.391,6.727,530.9,-355.7,-423.9,1.21065E+11,796.4,High
4169943,9943-04,0.386,-2408.73,3256.4,0.662,100.948,100.006,0.174,0.221,86.975,88.294,90.912,-0.03,98.438,0.342,-31.932,-28.944,-693.182,-631.6,-82.121,462.6,16.117,38.761,32.387,17.333,32.888,324.603,195.861,0.513,0.65,21.301,24.278,5.194,635.35,-364.55,-419.1,2.60756E+11,817.8,High
4155473,5473-17,0.37,-3031.23,3269,0.677,100.206,99.684,0.223,0.2,86.647,86.481,86.212,-0.042,91.812,0.351,-32.816,-30.808,-705.808,-669.6,-88.043,451.2,14.949,34.911,30.222,15.301,31.423,286.388,205.383,0.317,0.094,21.805,24.358,6.227,593.95,-372.4,-423,1.29136E+11,801.9,High
4162983,2983-08,0.374,-3218.34,3098.2,0.688,103.3,105.931,0.284,0.216,85.981,85.956,89.373,-0.017,91.078,0.35,-32.803,-30.426,-710.48,-665.6,-90.063,444.7,16.64,39.214,32.348,16.798,32.839,275.675,261.036,0.462,0.387,21.879,24.45,6.907,547.25,-348.65,-422.3,1.85744E+11,794.7,High
4169943,9943-22,0.382,-2498.03,3332.4,0.663,96.073,98.494,0.341,0.22,87.546,86.959,89.843,-0.024,94.422,0.344,-31.995,-29.006,-692.172,-632.4,-82.247,457.3,17.568,42.581,35.496,18.307,36.937,268.451,189.103,0.253,0.357,21.383,24.2,5.857,648.45,-345.05,-423.4,1.54083E+11,810.8,High
4143193,3193-08,0.386,-2121.91,3059.2,0.662,102.674,98.206,0.814,0.197,86.123,85.725,89.053,-0.034,96.703,0.347,-30.985,-29.258,-706.187,-666.4,32.462,458.1,15.899,38.257,219.021,15.848,237.694,323.769,203.766,0.7,0.908,21.776,24.51,5.294,592.8,-317.15,-424.1,1.13944E+11,809.2,High
4148023,8023-18,0.338,-3825.19,3266.6,0.668,104.233,99.403,1.345,0.196,86.285,86.368,89.263,-0.026,96.125,0.348,-33.03,-30.622,-713.51,-665,-89.091,457.1,16.622,37.111,32.303,17.316,33.441,306.969,206.253,1.25,1.353,21.485,24.114,5.128,661,-345.1,-420.4,1.21065E+11,807.8,High
4162983,2983-03,0.376,-3191.33,3106.8,0.689,102.242,99.264,1.29,0.188,87.741,87.39,88.336,-0.037,91.078,0.352,-32.689,-30.598,-710.227,-671.2,-88.068,446.3,16.876,38.212,32.635,16.811,32.631,279.279,252.425,0.391,0.34,21.823,24.375,6.813,534.5,-322.8,-419.8,1.27918E+11,796.3,High
4173893,3893-05,0.372,-2688.56,3046.8,0.651,100.775,97.692,0.261,0.222,88.935,87.143,89.368,-0.034,95.562,0.346,-31.78,-28.84,-688.005,-631.6,-81.338,459.6,17.658,42.059,33.77,18.671,35.07,323.936,230.172,0.619,0.608,21.113,24.238,5.424,586.85,-348,-419,1.23267E+11,812.7,High
4140253,0253-20,0.36,-4477.41,3276.2,0.671,102.572,96.815,0.191,0.222,89.287,86.621,88.886,-0.023,96.188,0.353,-31.237,-28.626,-677.399,-622.4,-77.159,451.1,16.223,37.766,34.62,17.054,33.881,301.75,199.261,1.042,1.236,21.391,24.553,5.098,673.7,-394.8,-418.4,1.65358E+11,801.2,High
4169943,9943-14,0.386,-2173.34,3232,0.659,106.677,100.401,0.095,0.211,87.561,86.78,89.991,-0.029,98.391,0.344,-31.806,-28.686,-693.182,-629.6,-81.806,464.7,17.74,41.459,35.7,18.628,36.144,323.603,188.78,0.605,0.638,21.259,24.222,4.988,618.8,-344.1,-420.2,1.83234E+11,819.3,High
4173913,3913-02,0.36,-3952.8,3158.2,0.646,101.937,98.744,0.532,0.195,86.087,87.244,89.196,-0.061,100.484,0.354,-32.21,-29.972,-699.116,-657.2,-87.626,473.1,15.469,37.218,30.403,16.923,30.901,271.341,220.215,0.232,0.238,21.575,24.302,6.105,571.4,-1567.5,-414.3,59470700000,832.9,High
4169943,9943-10,0.394,-2120.51,3102,0.657,101.411,96.33,0.228,0.218,88.147,87.488,90.446,-0.027,96.406,0.349,-31.629,-28.624,-690.152,-628.2,-81.035,462,16.705,40.745,33.572,18.199,35.622,333.186,182.686,0.645,0.599,21.302,24.234,5.078,521.75,-369.8,-419.5,2.94768E+11,816.6,High
4155473,5473-03,0.372,-3434.73,3287,0.685,101.668,102.481,0.258,0.209,86.84,85.824,88.51,-0.046,93.234,0.354,-32.752,-30.906,-706.313,-671.4,-87.172,448.8,15.503,36.064,30.385,16.409,32.702,289.614,200.641,0.441,0.474,21.77,24.421,6.108,609.1,-390.2,-421.7,1.59521E+11,797,High
4135683,5683-20,0.348,-4805.05,3363.8,0.669,98.423,94.658,0.115,0.206,88.031,88.345,89.344,-0.025,97.047,0.352,-30.934,-28.248,-675.631,-620.6,-77.374,454.5,14.86,33.762,31.067,15.371,32.693,318.129,218.357,0.871,1.218,21.218,24.341,5.08,681.2,-366.7,-414.9,1.83234E+11,807,High
4143193,3193-09,0.362,-3268.87,3072.2,0.662,102.3,97.683,0.669,0.214,86.838,85.026,87.241,-0.028,96.859,0.35,-31.073,-29.618,-711.616,-675.4,32.891,462.2,15.948,40.204,223.463,16.587,242.074,333.362,204.108,0.422,0.385,21.486,24.405,5.215,605.25,-329.15,-427,85278800000,816.1,High
4155473,5473-22,0.366,-3677.93,3339.8,0.687,98.17,98.28,0.274,0.194,87.77,85.739,88.85,-0.041,94.156,0.348,-32.424,-29.788,-694.066,-642.2,-88.308,446.3,15.086,34.643,30.531,15.774,31.213,282.472,206.708,0.602,0.574,21.75,24.421,6.166,646.15,-378.55,-422.3,1.99402E+11,796,High
4155473,5473-24,0.364,-2888.68,3167.8,0.688,102.029,100.153,0.164,0.197,86.967,86.064,89.252,-0.059,93.453,0.352,-32.399,-30.822,-702.02,-670.6,-87.033,449,14.82,32.494,29.311,14.928,31.109,286.193,203.221,0.653,0.653,21.697,24.451,6.143,575.1,-370.6,-418.3,1.90976E+11,797.1,High
4155473,5473-10,0.368,-3325.1,3254.4,0.681,102.277,101.447,0.431,0.194,87.883,85.574,88.349,-0.057,93.906,0.346,-32.904,-30.796,-708.965,-669.8,-89.381,448.9,15.668,34.282,32.767,16.223,31.678,279.713,205.521,0.228,0.048,21.752,24.391,5.994,590.15,-369.35,-422,1.85744E+11,798.9,High
4155473,5473-05,0.368,-3146.42,3277.4,0.665,106.404,100.362,0.327,0.215,86.369,86.802,88.573,-0.045,91.953,0.351,-32.828,-31.012,-710.859,-676.8,-87.626,452.4,14.757,33.168,34.133,16.045,31.61,279.279,205.383,0.356,0.29,21.74,24.395,6.203,608.95,-364.7,-426.6,1.41243E+11,804.1,High
4143193,3193-01,0.38,-2671.81,3077.2,0.672,103.647,101.166,0.784,0.21,85.909,86.271,87.873,-0.03,93.953,0.349,-32.702,-31.268,-707.702,-679.6,-88.8,457.1,15.982,37.58,32.689,16.251,31.9,328.239,207.484,0.677,0.716,21.692,24.477,5.248,618.3,-315.9,-425.9,56733600000,807.8,High
4143193,3193-10,0.366,-2946.36,3075.4,0.672,103.171,99.741,0.932,0.205,86.708,86.391,88.993,-0.041,96.578,0.346,-32.816,-30.828,-710.859,-672,-89.899,458.1,17.502,41.458,35.918,17.736,38.487,339.195,209.991,0.78,0.892,21.535,24.45,5.189,559.55,-320,-423.2,83186000000,810,High
4143203,3203-19,0.366,-4187.06,3315.4,0.66,93.268,95.143,0.648,0.232,92.92,91.062,92.28,0.032,91.297,0.36,-31.149,-28.774,-695.581,-645.2,-84.268,464.1,64.497,81.579,85.753,78.588,95.874,338.557,187.934,0.798,0.976,0.018,0.018,4.928,655.55,-327.3,-431.5,1.47384E+11,822.9,High
4173913,3913-06,0.352,-4265.87,3176.4,0.661,99.723,101.133,0.666,0.182,86.477,87.072,88.748,-0.032,101.25,0.362,-32.096,-29.846,-698.485,-652.8,-87.386,474,15.99,39.166,31.179,16.546,31.296,277.435,217.654,0.265,0.589,21.541,24.255,6.009,595.6,-1531,-417.4,3.47675E+11,833.8,High
4173913,3913-03,0.36,-3807.3,3203.2,0.649,102.732,101.174,0.714,0.164,86.448,87.636,87.294,-0.064,99.859,0.36,-31.995,-29.836,-694.949,-651.6,-85.202,472.9,16.008,36.789,31.036,17.331,33.569,280.461,216.338,0.186,0.382,21.567,24.329,5.991,587.9,-1507,-413.3,86918700000,833.6,High
4143193,3193-05,0.36,-3000.98,3198.8,0.672,105.068,99.954,0.636,0.207,85.632,85.611,87.344,-0.041,97.141,0.344,-31.351,-29.484,-711.49,-673.4,33.826,459.9,16.049,39.313,222.758,17.123,242.335,338.284,202.747,0.827,0.915,21.47,24.37,5.086,619.7,-305.95,-426.8,53806800000,814.8,High
4143203,3203-22,0.368,-2992.31,3269.8,0.678,95.512,92.623,0.341,0.21,92.302,91.284,92.008,0.032,91.828,0.361,-31.098,-28.656,-696.212,-641.4,-84.003,463.1,65.05,81.91,88.855,78.683,98.443,331.695,203.289,0.846,1.159,0.018,0.018,4.893,639.35,-335.85,-431,1.22156E+11,823.3,High
4133063,3063-05,0.362,-5082.88,3136,0.677,104.514,104.424,0.247,0.224,87.569,86.824,90.651,-0.03,95.484,0.349,-31.515,-29.132,-684.343,-631,-80.518,455,17.583,43.908,35.047,17.539,36.94,344.763,217.188,0.531,0.723,21.227,24.365,5.43,653.25,-367.85,-419.9,1.52352E+11,806.6,High
4143193,3193-21,0.378,-2744.73,3060,0.569,100.829,96.862,0.285,0.25,81.078,82.17,85.747,-0.045,120.688,0.296,-35.631,-33.34,-790.783,-745.4,-108.977,539.4,15.782,40.146,33.761,16.257,33.778,334.069,204.76,0.816,0.911,21.655,24.432,5.285,572.5,-337.05,-482.7,74913400000,919.9,High
4162983,2983-13,0.384,-2770.35,3129.8,0.68,102.389,103.21,0.584,0.198,87.39,86.92,88.459,-0.047,93.859,0.352,-32.778,-30.07,-707.576,-658.8,-87.879,440.9,16.209,36.135,32.15,17.211,32.519,282.219,255.499,0.362,0.189,21.847,24.367,6.978,527.9,-334.25,-418.6,2.05444E+11,789.1,High
4162983,2983-23,0.382,-2753.86,3149.6,0.686,98.74,100.329,0.522,0.194,85.916,86.817,88.699,-0.035,92.203,0.347,-32.752,-30.856,-711.49,-676.6,-88.75,449.3,180.69,183.473,33.192,200.988,35.17,274.534,248.913,0.257,0.087,21.86,24.391,6.83,535.75,-337.35,-426.7,2.22284E+11,800.8,High
4140223,0223-08,0.358,-5314.49,3174.4,0.658,98.524,95.76,0.209,0.203,84.858,85.382,86.97,-0.04,101.828,0.34,-33.258,-31.392,-727.146,-690.4,-92.298,474.9,15.876,39.234,34.349,16.145,33.57,276.947,216.031,0.34,0.302,21.711,24.374,6.35,620.2,-344.9,-435.6,1.44248E+11,832.6,High
4143203,3203-23,0.364,-4272.04,3289,0.672,99.552,93.399,0.614,0.233,93.154,91.107,92.334,0.032,92.281,0.359,-31.111,-28.86,-694.066,-642.2,-83.409,462.7,61.779,80.859,85.549,76.622,95.243,325.525,187.818,0.945,0.984,0.018,0.018,4.917,655.6,-338.8,-431.2,1.41243E+11,823.1,High
4173913,3913-09,0.352,-4451.4,3262.6,0.654,101.661,101.266,0.229,0.181,87.427,87.576,87.546,-0.035,100.984,0.358,-31.717,-30.062,-689.141,-656.6,-86.25,469.5,16.896,39.098,31.412,16.952,32.435,281.841,214.394,0.837,1.296,21.523,24.288,6.168,615.7,-1570.5,-416.1,75329600000,827.6,High
4140223,0223-25,0.354,-3928.24,3201.2,0.656,99.99,97.89,0.273,0.191,85.224,86.083,87.29,-0.038,102.688,0.337,-33.27,-31.332,-726.136,-685.6,-91.25,474.4,16.514,39.298,34.855,16.177,34.916,241.031,213.304,0.87,1.116,21.597,24.251,6.151,625.5,-346.6,-433.3,64568200000,835,High
4155473,5473-23,0.366,-3315.04,3257.2,0.672,97.785,103.264,0.234,0.203,87.132,86.256,88.828,-0.006,93.5,0.353,-32.689,-31.054,-702.399,-670.6,-87.071,446.4,14.743,32.444,29.861,15.159,30.288,284.706,203.289,1.074,1.107,21.696,24.427,6.18,595.45,-378.35,-421.3,1.52352E+11,795.8,High
4173913,3913-13,0.352,-3918.8,3206.2,0.654,97.176,98.011,0.454,0.179,86.015,86.53,88.013,-0.057,99.203,0.364,-32.109,-29.896,-695.707,-655.8,-86.162,471.4,16.003,34.42,31.394,16.532,31.938,273.818,221.942,0.029,0.183,21.556,24.294,6.031,581.85,-1572,-414.6,1.19994E+11,830.4,High
4135663,5663-05,0.362,-3618.36,3097.6,0.649,99.32,94.071,0.28,0.212,84.411,85.849,87.106,-0.01,100.828,0.337,-33.472,-31.944,-731.692,-697.6,-93.737,471.2,17.268,41.605,37.939,17.303,36.41,304.374,210.609,1.34,1.532,21.673,24.412,5.208,635.25,-383.4,-439,1.02722E+11,831.2,High
4143193,3193-02,0.384,-3085.24,2999.8,0.57,96.606,100.107,0.316,0.253,82.973,82.027,87.119,-0.021,122.156,0.296,-34.116,-31.318,-794.823,-741.4,50.164,536,16.326,36.525,221.037,16.244,235.248,329.613,205.765,0.707,0.779,21.728,24.432,5.047,574.2,-330.95,-480,2.11864E+11,917.9,High
4148023,8023-16,0.344,-3150.27,3230.4,0.653,106.39,96.585,0.768,0.194,86.019,86.278,88.305,-0.049,96.719,0.349,-32.588,-30.62,-708.081,-666,-89.179,455.5,17.158,37.225,33.874,17.923,35.495,324.269,213.867,0.657,0.539,21.483,24.083,5.275,607.75,-331.05,-417.2,1.57666E+11,804,High
4155473,5473-01,0.364,-3308.82,3261,0.677,101.096,100.264,0.257,0.209,86.429,85.819,89.018,-0.077,93.391,0.348,-32.525,-30.042,-697.601,-652.4,-87.475,442.3,15.293,34.778,32.343,15.788,32.278,285.869,199.293,0.231,0.17,21.722,24.44,6.056,607.7,-378.9,-419.7,1.30378E+11,783.7,High
4155473,5473-13,0.37,-3636.14,3267.2,0.686,100.303,99.533,0.108,0.207,86.366,86.53,88.98,-0.028,92.797,0.353,-32.248,-29.238,-693.308,-635,-87.765,453,15.513,33.97,31.586,15.766,31.288,278.724,202.545,0.231,0.212,21.692,24.331,6.095,604.95,-368.75,-424.1,2.22284E+11,799.8,High
4143193,3193-20,0.36,-3235.63,3160,0.669,102.379,100.098,0.538,0.216,84.855,86.344,88.814,-0.042,97.375,0.349,-32.816,-30.78,-709.217,-671.8,-88.725,461.2,17.466,40.243,38.53,16.796,35.033,342.793,208.372,0.758,0.741,21.483,24.39,5.194,572.8,-311.8,-426,74094700000,815.8,High
4140243,0243-20,0.374,-3366.27,3077,0.668,100.097,100.667,0.122,0.234,87.917,86.523,89.25,-0.033,97.844,0.348,-31.705,-29.092,-689.141,-636.8,-79.482,464.6,15.057,35.051,72.773,15.323,127.926,306.745,221.336,0.253,0.316,21.323,24.403,5.247,548.3,-280.6,-425.6,1.05111E+11,820.8,High
4148023,8023-10,0.346,-3058.98,3265,0.656,99.487,103.341,1.201,0.197,86.794,85.914,88.707,-0.056,96.938,0.345,-32.803,-30.374,-708.081,-666.2,-88.548,454.7,16.362,35.414,31.893,17.394,32.617,303.86,208.623,0.623,0.554,21.506,24.062,5.024,624.55,-336.75,-421.1,1.78412E+11,805.9,High
4143203,3203-20,0.372,-4268.4,3276.6,0.677,99.417,92.536,0.653,0.22,92.881,91.206,92.574,0.031,91.594,0.358,-31.136,-28.99,-690.404,-644.2,-83.359,465.4,66.24,84.086,88.486,79.045,95.635,337.921,187.5,0.931,1.388,0.018,0.018,4.996,631.4,-341.6,-429.5,1.63365E+11,826,High
4140233,0233-18,0.356,-3655.87,3211,0.643,99.488,99.992,0.895,0.216,86.803,86.97,89.138,-0.023,105.234,0.338,-31.705,-29.188,-693.561,-641.2,-82.033,475.2,18.181,41.349,35.286,18.858,35.132,311.369,206.253,0.243,0.282,20.997,24.142,5.841,617.1,-315.5,-429.4,2.02378E+11,835.6,High
4143193,3193-13,0.366,-3259.11,3204.6,0.665,103.972,98.861,0.567,0.174,86.646,84.85,87.432,-0.049,97.719,0.349,-30.859,-28.892,-705.303,-664.4,30.694,457.7,15.784,39.926,225.353,17.048,236.254,333.539,208.194,0.772,0.954,21.5,24.391,5.118,612.65,-309.65,-417.5,60532700000,811.9,High
4173913,3913-19,0.34,-4483.39,3202.2,0.639,101.814,100.617,0.682,0.184,86.209,86.86,87.202,-0.011,101.141,0.352,-32.689,-30.656,-708.838,-669.8,-87.21,470.5,15.824,33.774,31.463,16.078,31.371,276.886,223.409,0.221,0.495,21.194,24.287,6.131,608.4,-1430.5,-420.1,89206100000,831.2,High
4140233,0233-01,0.352,-4500.8,3143.6,0.645,99.992,92.406,0.209,0.217,87.312,86.441,89.019,-0.025,105.359,0.338,-32.134,-29.384,-698.737,-644.6,-82.197,473.4,18.001,42.364,36.803,18.653,36.806,304.595,204.726,0.552,0.579,21.071,24.187,6.091,638.2,-347.4,-432.2,1.23267E+11,833.7,High
4162983,2983-04,0.38,-2807.23,3139.2,0.683,103.439,102.755,0.878,0.192,87.344,87.092,88.709,-0.028,91.75,0.348,-32.525,-30.208,-706.061,-663.2,-87.639,443.5,16.25,37.054,31.994,16.905,33.686,277.191,252.163,0.414,0.28,21.875,24.39,6.782,518.45,-347.2,-420.5,1.99402E+11,790.7,High
4143193,3193-18,0.364,-3636.32,3100.2,0.666,107.06,101.84,0.515,0.234,86.289,86.318,87.962,-0.02,96.344,0.348,-33.232,-30.976,-718.813,-676.2,-91.616,459,16.51,41.423,35.891,16.118,34.421,327.131,204.313,0.709,0.924,21.472,24.411,5.387,608.5,-324.1,-425.1,54021200000,811.9,High
4143193,3193-25,0.366,-2707.86,3045.2,0.665,103.696,98.588,0.943,0.201,86.101,86.156,87.634,-0.029,95.438,0.346,-32.866,-30.95,-710.732,-672.4,-88.952,455.5,15.752,37.968,34.146,16.604,33.868,341.308,207.697,0.708,0.783,21.508,24.446,5.185,571.45,-323.25,-421.7,56497200000,808,High
4162983,2983-24,0.384,-3003.28,3184.8,0.68,103.227,98.588,1.11,0.187,87.174,86.773,87.636,-0.006,95.125,0.349,-32.45,-30.252,-705.051,-662.6,-89.546,447.1,16.012,37.741,33.892,17.254,33.042,269.484,253.16,0.552,0.65,21.842,24.374,6.846,540.75,-342.75,-421.6,1.3836E+11,798.3,High
4155473,5473-18,0.354,-3771.57,3318.2,0.687,99.922,100.464,0.474,0.178,84.902,86.518,87.908,-0.112,94.5,0.351,-32.677,-30.702,-704.545,-666.6,-87.285,449.3,15.046,33.283,31.834,15.788,32.878,289.281,205.106,0.323,0.188,21.595,24.256,6.229,598.5,-363.95,-420.1,2.18699E+11,799.1,High
4140233,0233-08,0.366,-3458.65,3073.8,0.642,99.281,99.216,0.511,0.206,86.741,86.302,88.635,-0.024,104.438,0.336,-32.071,-29.358,-701.768,-643.4,-83.548,476.3,17.743,41.446,35.122,18.792,35.552,315.817,209.737,0.263,0.205,21.114,24.215,5.857,581.75,-331.1,-431.2,2.76721E+11,835.7,High
4169943,9943-24,0.388,-2269.39,3184.2,0.664,98.474,95.629,0.332,0.22,87.835,87.332,90.093,-0.033,96.406,0.346,-31.338,-28.64,-681.692,-627.6,-78.826,462,16.285,39.267,32.571,17.04,33.309,335.046,190.703,0.628,0.699,21.256,24.224,5.387,579.4,-345.05,-420.3,1.85744E+11,815.7,High
4140233,0233-21,0.356,-4278.35,3140.6,0.638,99.567,93.949,0.444,0.207,86.867,86.58,89.002,-0.022,101.797,0.336,-32.008,-29.33,-696.97,-643.6,-83.157,479.2,17.669,40.946,34.122,17.846,33.7,321.211,191.093,0.238,0.346,21.07,24.191,5.772,618.1,-327.6,-430.6,2.55836E+11,840.4,High
4143193,3193-14,0.362,-3962.53,3134.8,0.675,104.158,103.773,0.831,0.2,85.79,85.732,88.163,-0.03,94.047,0.348,-30.972,-28.872,-706.061,-662.6,33.056,455.7,16.551,40.181,221.328,16.296,244.157,338.83,206.708,0.628,0.731,21.483,24.392,5.318,601.35,-306.95,-422.9,55344200000,806.2,High
4162983,2983-18,0.382,-2510.78,3126.6,0.678,100.245,101.029,0.719,0.212,87.461,86.476,89.004,-0.034,92.984,0.351,-32.715,-30.654,-711.616,-670.4,-87.487,445.6,15.466,35.812,32.726,16.523,33.09,274.354,254.803,0.269,0.235,21.88,24.391,6.36,541.55,-344.85,-419.6,1.25549E+11,797.6,High
4140223,0223-15,0.366,-3705.26,3131.2,0.646,101.306,99.713,0.32,0.186,85.917,85.233,86.551,-0.034,100.438,0.341,-32.992,-31.064,-720.202,-681,-89.621,472.3,15.478,37.894,32.936,16.053,34.583,283.171,213.341,0.281,0.318,21.673,24.346,6.239,611.05,-339.95,-433.5,1.15892E+11,829.8,High
4173913,3913-05,0.346,-4151.18,3264.2,0.653,99.903,99.386,0.242,0.18,87.255,86.748,87.802,-0.022,99.781,0.369,-17.303,-16.508,-268.093,-168.12,-134.975,475.3,15.755,34.701,30.583,15.985,31.391,284,217.966,0.101,0.173,21.561,24.298,5.872,629.2,-1577,-419.2,89206100000,837.7,High
4140223,0223-18,0.362,-3122.22,3142,0.656,98.669,95.217,0.731,0.202,85.26,85.695,87.295,-0.036,100.969,0.341,-33.169,-31.224,-719.192,-683.8,-89.596,475.1,15.582,35.942,34.119,15.894,33.431,244.539,206.568,0.322,0.334,21.654,24.317,6.024,617.75,-336.25,-432.7,91002200000,833.3,High
4140193,0193-05,0.392,-2427.16,3025.2,0.635,99.893,98.274,0.377,0.222,86.573,86.934,88.779,-0.03,103.141,0.339,-31.717,-29.038,-695.076,-643,-80.985,477.2,17.114,42.453,36.673,17.866,38.106,330.131,213.604,1.043,1.419,21.593,24.531,5.324,565.7,-351.05,-429,92240290000,834.1,High
4140223,0223-06,0.362,-3674.02,3104.4,0.661,100.087,95.746,0.459,0.201,85.994,85.941,87.78,-0.038,100.75,0.341,-33.119,-31.496,-724.242,-691.2,-91.376,472.8,15.332,35.47,32.828,15.656,32.609,277.986,211.157,0.338,0.392,21.605,24.314,6.291,588.35,-330.1,-436.8,84745800000,831.9,High
4173913,3913-12,0.346,-3825.61,3139,0.652,100.482,98.188,0.769,0.18,86.924,86.828,88.006,-0.044,96.688,0.352,-31.932,-30.072,-694.192,-654.6,-85.429,466.5,16.103,36.585,31.731,17.395,31.181,273.402,219.46,0.051,-0.018,21.476,24.286,6.015,578.3,-1560.5,-414.8,91617000000,824.4,High
4143193,3193-17,0.38,-3565.95,3010.6,0.507,92.186,91.239,0.552,0.275,79.478,78.026,85.294,-0.031,138.812,0.264,-37.172,-34.79,-844.192,-809.2,-120.543,599.6,15.724,37.228,33.982,16.481,33.853,339.927,205.313,0.806,0.911,21.669,24.409,5.301,577.85,-329.3,-525.2,1.24397E+11,999.9,High
4135643,5643-14,0.352,-5201.89,3179.6,0.601,94.068,100.562,0.179,0.188,85.2,85.08,86.406,-0.009,116.953,0.335,-33.548,-31.342,-734.091,-686.8,-94.002,526.1,15.327,34.984,31.474,15.532,32.444,309.914,219.5,0.144,0.165,21.614,24.274,6.133,670.35,-381.7,-432.8,1.6142E+11,901.9,High
4162983,2983-12,0.378,-2954.04,3171.4,0.684,100.604,97.298,0.522,0.199,88.12,87.488,88.936,-0.027,92.469,0.352,-32.45,-30,-704.672,-660.4,-85.871,446.2,16.402,37.744,33.208,17.068,34.568,298.887,251.954,0.712,0.946,21.826,24.252,6.811,544.95,-352.25,-422.4,52151200000,795.8,High
4173903,3903-20,0.358,-3605.19,3167.8,0.657,97.043,101.329,0.27,0.216,89.274,87.747,89.962,-0.025,97.375,0.346,-31.528,-28.348,-687.626,-623.2,-79.52,463.3,16.385,37.461,33.222,17.07,33.775,332.658,210.281,1.106,0.822,20.779,24.103,5.074,606.85,-350.55,-417.7,1.34251E+11,818.1,High
4140233,0233-06,0.36,-4199.86,3097.6,0.641,97.793,98.388,0.351,0.208,86.765,86.496,88.628,-0.022,104.766,0.337,-32.311,-29.506,-705.303,-650.8,-84.659,480.8,18.114,41.227,34.739,18.308,34.958,317.728,196.208,0.331,0.337,21.104,24.217,5.902,611.3,-329.9,-432.8,2.22284E+11,842.4,High
4169943,9943-06,0.388,-2233.08,3246.8,0.666,104.603,95.839,0.224,0.228,88.615,87.767,89.424,-0.024,97.25,0.342,-32.033,-28.796,-693.561,-631.6,-82.21,463.6,16.462,34.84,30.569,16.998,32.554,275.795,192.058,0.528,0.547,21.416,24.295,6.052,603.4,-371.8,-418.2,1.47384E+11,818.9,Med
4135643,5643-15,0.344,-6004.34,3208,0.605,96.739,99.763,0.218,0.189,85.777,85.616,86.81,-0.032,114.125,0.336,-33.737,-31.91,-735.227,-694.4,-94.141,519.4,15.561,34.476,31.466,15.793,31.838,294.693,218.044,0.068,0.168,21.6,24.293,6.335,659.65,-367.95,-435.2,1.22156E+11,895.2,Med
4169943,9943-18,0.396,-1932.06,3040.2,0.649,100.878,98.271,0.291,0.213,86.075,87.517,90.119,-0.027,100.234,0.343,-31.907,-28.518,-696.212,-624,-83.662,463.3,16.822,38.269,33.08,17.592,33.134,330.217,192.24,0.695,0.74,21.275,24.216,5.074,525.95,-344.35,-416.8,3.76648E+11,818.1,Med
4143193,3193-04,0.368,-2536.29,3051.2,0.671,100.054,99.35,0.97,0.231,86.182,85.993,88.999,-0.029,97.281,0.345,-32.538,-30.902,-707.828,-674,-88.548,456.9,15.807,41.383,34.729,16.75,33.967,335.76,207.626,0.68,0.955,21.481,24.405,5.324,579.25,-317.2,-422.9,60532700000,808.2,Med
4140223,0223-02,0.346,-4457.27,3167.4,0.658,99.284,98.929,0.51,0.182,86.509,86.088,87.422,-0.035,102.312,0.34,-33.207,-31.328,-728.535,-687.4,-90.985,474.5,15.812,36.313,33.12,15.962,34.017,236.596,213.341,0.315,0.333,20.852,24.202,6.211,612.75,-333.35,-434.4,1.04302E+11,835.9,Med
4143203,3203-24,0.368,-3319.69,3236.8,0.678,99.557,91.073,0.524,0.224,94.302,91.35,92.708,0.034,90.875,0.36,-31.149,-28.514,-696.086,-639,-84.52,461,63.772,81.261,87.184,78.075,95.709,342.7,198.902,1.116,1.731,0.018,0.018,4.873,625.2,-337.1,-430.4,1.25549E+11,820,Med
4135643,5643-11,0.346,-6222.07,3241.8,0.594,100.48,100.699,0.187,0.18,85.318,85.458,85.563,-0.037,115.281,0.334,-33.523,-31.646,-731.566,-692.2,-92.98,522,15.125,35.635,31.4,15.903,32.488,299.1,211.34,0.078,0.199,21.545,24.239,6.17,673.25,-356.15,-433.9,93512600000,898,Med
4173913,3913-08,0.356,-4020.32,3165.8,0.651,98.333,97.947,0.432,0.187,85.885,87.596,87.596,-0.053,97.547,0.352,-32.412,-30.468,-703.914,-667.6,-86.856,471.3,15.399,35.054,30.487,16.016,30.849,291.827,219.619,0.106,0.244,21.578,24.3,5.96,605.1,-1573.5,-419.5,1.30378E+11,830.7,Med
4140233,0233-04,0.362,-3635.87,3072.4,0.648,98.408,97.995,0.509,0.219,87.108,86.757,87.839,-0.019,102.328,0.338,-31.604,-29.042,-691.54,-638,-80.783,474.5,18.892,43.524,36.414,19.544,35.892,321.867,209.232,0.192,0.07,21.101,24.213,5.904,593.1,-311.25,-429,3.66468E+11,832.5,Med
4173913,3913-10,0.36,-3636.45,3135,0.66,101.583,97.825,0.329,0.181,86.309,87.245,88.169,-0.024,100.094,0.358,-32.412,-30.232,-702.904,-659.8,-87.311,469.5,16.552,37.856,31.397,16.886,30.965,285.286,223.122,-0.018,0.096,21.57,24.268,5.996,583.6,-1547,-416.5,1.85744E+11,828.5,Med
4140223,0223-04,0.362,-3372,3121.8,0.65,100.383,98.124,0.828,0.197,84.377,86.238,87.03,-0.041,101.109,0.338,-33.296,-31.582,-727.651,-695.6,-90.366,475.8,15.508,41.745,33.574,16.073,34.328,320.394,216.917,0.284,0.283,21.674,24.35,6.435,616.8,-324.8,-436.3,77041600000,837.1,Med
4140223,0223-07,0.366,-3351.33,3125,0.659,99.786,97.021,0.633,0.213,85.089,85.569,87.455,-0.035,99.188,0.34,-33.194,-31.282,-723.106,-684,-89.735,470.4,15.52,35.678,33.874,15.647,34.55,228.239,212.373,1.035,1.412,21.624,24.321,6.174,602.55,-341.65,-434.4,1.00439E+11,830.8,Med
4140223,0223-09,0.36,-3061.12,3048.6,0.659,101.44,96.245,1.047,0.2,86.827,85.259,87.109,-0.041,101.875,0.338,-33.093,-31.238,-721.338,-685.6,-90.417,475.6,15.662,36.207,33.337,15.032,33.51,251.519,216.415,0.394,0.427,21.544,24.302,6.26,584.25,-324.4,-435.8,1.29136E+11,833.5,Med
4169943,9943-20,0.39,-2137.45,3239.8,0.652,102.153,99.082,0.088,0.228,88.199,87.371,90.416,-0.019,96.984,0.346,-31.793,-28.68,-692.424,-628,-82.551,466.2,16.856,37.129,33.456,17.638,33.027,330.304,182.139,0.639,0.627,21.284,24.224,5.034,598.35,-354.6,-418.5,1.4273E+11,821.7,Med
4173913,3913-18,0.358,-3985.92,3205.8,0.657,104.383,97.464,0.154,0.164,88.051,86.999,88.95,-0.055,98.469,0.362,-31.995,-30.284,-692.551,-656.6,-83.75,472.6,16.062,37.468,31.077,16.728,31.1,283.362,223.122,0.115,0.09,21.569,24.291,6.086,629.65,-1584.5,-413.4,1.11142E+11,833.3,Med
4166213,6213-20,0.368,-3523.34,3292.2,0.67,104.174,104.597,0.096,0.19,86.244,86.181,89.048,-0.03,95.031,0.345,-32.954,-30.436,-713.763,-668.2,-87.79,451.5,16.536,36.754,34.327,17.5,33.88,346.089,210.974,0.837,1.045,21.679,24.091,5.297,635.1,-359.65,-423.2,1.03506E+11,803.5,Med
4162983,2983-14,0.38,-2654.13,3123.4,0.688,103.212,98.59,0.805,0.183,86.335,86.241,89.093,-0.069,92.328,0.348,-32.652,-30.34,-706.818,-665.4,-87.121,444.4,16.832,37.331,33.615,17.923,33.829,266.351,243.289,0.317,0.096,21.821,24.358,6.582,538.15,-345.7,-424.7,1.11142E+11,794.4,Med
4140223,0223-03,0.36,-3802.76,3122,0.645,96.669,94.328,0.285,0.195,85.086,86.662,87.136,-0.034,102.109,0.335,-33.346,-31.662,-729.167,-696,-91.919,474.7,16.224,40.434,33.902,15.779,34.024,281.337,210.39,0.326,0.348,21.712,24.336,6.209,619.05,-346.2,-438.7,1.06766E+11,835.1,Med
4140223,0223-19,0.356,-3860.32,3097,0.657,96.999,99.37,0.505,0.207,85.569,85.105,87.733,-0.039,102.172,0.339,-33.245,-31.298,-726.389,-689.2,-91.856,476.9,15.787,35.858,32.548,15.373,33.586,307.869,214.432,0.696,0.878,21.583,24.253,6.527,613,-326,-434.8,1.67399E+11,838.7,Med
4135653,5653-20,0.358,-4015.57,3125.4,0.638,99.403,97.597,0.302,0.185,86.867,85.844,87.934,-0.021,103.188,0.336,-31.755,-29.154,-698.232,-643,-82.753,476.8,16.905,40.294,34.916,16.815,35.077,330.477,225.73,0.551,0.639,21.176,24.337,5.601,632.3,-368.05,-426,1.41243E+11,836,Med
4135643,5643-20,0.352,-5047.36,3167.4,0.59,97.692,99.389,0.355,0.174,85.581,85.039,86.569,-0.027,116.609,0.338,-33.371,-31.37,-731.818,-686.4,-92.538,524.6,15.379,34.576,30.866,15.532,30.659,331.695,218.593,0.555,0.689,21.55,24.312,5.391,644.65,-349.5,-430.4,2.76721E+11,897.5,Med
4169943,9943-03,0.382,-2437.08,3239,0.666,99.144,98.494,0.248,0.236,87.875,87.218,90.244,-0.027,95.875,0.346,-31.894,-28.84,-692.929,-631.8,-83.27,458.4,16.585,38.752,33.455,17.927,34.131,274.474,194.951,0.457,0.388,21.327,24.286,5.945,590.05,-357.15,-419.4,2.02378E+11,812.1,Med
4143203,3203-18,0.364,-3058.78,3158.2,0.674,95.887,89.276,0.352,0.241,92.589,91.144,92.164,0.035,91.25,0.355,-31.149,-29.132,-698.485,-649,-84.912,463.3,64.698,81.109,84.612,77.856,95.74,341.678,206.428,1.084,1.29,0.018,0.018,4.903,592.55,-355.55,-431,1.99402E+11,823.5,Med
4135653,5653-05,0.366,-3666.06,3071.8,0.637,98.193,96.499,0.348,0.213,86.293,86.223,88.563,-0.015,103,0.336,-31.717,-29.11,-691.162,-639.8,-82.058,473.9,16.983,37.303,34.036,17.565,33.816,329.44,226.951,1.11,1.152,21.284,24.391,5.39,615.8,-362.7,-427.7,1.27918E+11,831.2,Med
4135643,5643-16,0.35,-5765.59,3232.2,0.59,100.008,97.091,0.237,0.192,85.216,85.222,87.021,-0.037,118.953,0.336,-33.75,-31.674,-734.47,-689.6,-93.725,523.4,14.295,35.948,29.875,15.216,30.88,331.782,217.771,0.681,0.716,21.61,24.304,5.385,686.65,-386.45,-433.1,1.05111E+11,896.6,Med
4155473,5473-20,0.364,-3702.63,3332.4,0.695,101.979,99.722,0.224,0.208,85.852,85.763,87.998,-0.072,95.688,0.351,-32.765,-31.098,-708.838,-672.8,-88.106,446.8,14.687,32.044,30.154,15.272,32.11,288.421,203.527,0.768,0.81,21.684,24.364,6.137,613.15,-379.3,-425.5,1.76095E+11,797,Med
4143193,3193-03,0.376,-2776.69,3005.6,0.51,92.84,91.854,0.728,0.261,79.416,79.356,84.522,-0.046,138.406,0.265,-36.023,-33.176,-855.051,-804.4,60.808,597.3,15.679,38.458,217.994,15.716,235.016,332.22,204.829,0.761,0.89,21.694,24.405,5.047,555.15,-321.3,-523.2,1.41243E+11,998.9,Med
4140233,0233-03,0.358,-4107.99,3141.2,0.651,98.137,97.213,0.621,0.188,86.609,87.013,88.796,-0.023,104.031,0.335,-32.033,-29.456,-701.768,-648.8,-82.816,476.3,17.315,40.19,34.583,17.677,33.789,315.027,207.626,0.418,0.522,21.128,24.207,5.708,608.75,-325.8,-431.2,1.88324E+11,838.3,Med
4173913,3913-23,0.356,-4068.9,3192,0.651,99.255,96.596,0.296,0.186,86.574,87.454,87.826,-0.028,97.469,0.355,-32.374,-30.438,-702.273,-664.2,-85.77,466,15.328,36.316,30.397,16.624,31.433,277.069,215.114,0.33,0.688,21.598,24.315,6.078,591.75,-371.7,-421.1,1.06766E+11,824.2,Med
4148023,8023-11,0.338,-4082.35,3291.6,0.664,99.105,98.235,0.64,0.179,85.113,87.219,88.416,-0.045,97.953,0.35,-32.45,-30.366,-703.409,-663.2,-87.311,458.9,16.884,39.277,34.828,18.008,33.455,292.708,201.672,0.658,0.592,21.458,24.08,4.996,655.65,-359.65,-419.5,1.57666E+11,811.1,Med
4140233,0233-23,0.362,-3707.62,3131.2,0.645,95.064,96.171,0.259,0.211,87.368,86.566,88.82,-0.025,104.859,0.336,-31.806,-29.402,-698.611,-645.2,-83.801,477.1,18.763,43.233,36.716,19.064,36.368,314.163,211.01,0.529,0.641,21.109,24.204,5.675,598.1,-337.15,-431.4,1.63365E+11,838.3,Med
4148023,8023-21,0.35,-2576.93,3174.2,0.666,102.377,95.736,1.196,0.2,85.053,86.306,88.1,-0.028,95.797,0.352,-32.563,-30.318,-706.187,-662,-88.826,452.7,16.304,36.265,32.766,17.088,33.474,315.817,204.211,0.601,0.586,21.504,24.094,5.011,597.65,-329,-420.3,1.6142E+11,801,Med
4155473,5473-06,0.362,-3425.73,3236,0.68,103.375,98.112,0.408,0.192,85.359,86.423,88.327,-0.056,92.875,0.348,-32.538,-30.818,-705.682,-668.6,-88.561,452.2,15.795,37.35,32.659,16.625,33.054,282.219,203.664,0.25,0.141,21.704,24.396,6.108,588.25,-365.25,-422.4,1.80791E+11,804.9,Med
4135643,5643-10,0.344,-5908.28,3227.2,0.593,97.416,95.996,0.164,0.194,84.556,85.949,87.032,-0.025,114.547,0.338,-33.346,-31.544,-726.01,-690.2,-91.465,520.2,15.1,35.644,32.48,15.636,31.253,304.227,215.839,0.122,0.187,21.612,24.294,5.71,660.65,-369.2,-434.8,90395500000,896.5,Med
4155473,5473-12,0.364,-3412.42,3246.2,0.676,100.118,99.021,0.277,0.192,85.613,85.795,88.06,-0.068,92.953,0.349,-32.778,-31.01,-708.838,-674,-89.028,446.8,14.724,33.362,30.823,15.555,31.328,287.762,203.63,0.279,0.22,21.628,24.354,6.048,586.75,-381.4,-421.7,1.85744E+11,795.9,Med
4162983,2983-21,0.376,-3129.89,3112.6,0.69,100.138,101.585,0.64,0.217,86.234,87.457,88.863,-0.031,97.281,0.349,-32.626,-30.27,-709.217,-664.6,-87.765,442.7,16.637,41.374,35.17,17.883,34.788,292.03,252.634,1.123,1.5,21.871,24.303,6.851,544.8,-351.95,-424.5,96165400000,792,Med
4133063,3063-20,0.382,-3889.17,3104.4,0.665,102.149,97.582,0.252,0.223,88.389,86.74,89.34,-0.025,93.297,0.344,-31.465,-29.072,-685.227,-631.8,-79.028,454.7,17.705,41.719,35.843,17.592,37.846,331.259,219.539,0.712,0.881,21.453,24.458,5.365,629.6,-373.85,-420.2,1.88324E+11,805.1,Med
4135643,5643-08,0.35,-5372.98,3176,0.584,99.188,97.117,0.428,0.187,84.709,85.297,86.028,-0.015,114.234,0.336,-33.51,-31.526,-733.081,-691.8,-92.588,523.2,16.626,40.955,32.777,16.458,35.229,299.029,217.771,0.126,0.15,21.573,24.284,5.723,642.05,-356.05,-434.4,1.96512E+11,897.1,Med
4143203,3203-21,0.354,-4591.49,3310.4,0.675,95.266,98.626,0.346,0.21,92.504,91.722,92.351,0.035,92.375,0.36,-31.061,-28.71,-696.338,-642,-85.265,464.9,63.561,78.045,85.852,77.702,93.975,325.357,204.829,0.611,0.982,0.018,0.018,5.007,672.25,-341.8,-432.4,2.18699E+11,826.1,Med
4135643,5643-18,0.354,-5192.71,3177.2,0.603,97.662,102.493,0.376,0.202,85.831,84.935,86.051,-0.027,114.453,0.334,-33.624,-31.586,-730.682,-691.2,-93.068,513.8,15.676,37.006,32.811,16.009,33.02,295.246,213.754,0.136,0.266,21.575,24.298,5.583,643.6,-360.2,-434.2,80710200000,886.7,Med
4173913,3913-20,0.328,-4106.85,3152.2,0.645,98.093,96.909,0.228,0.175,87.168,86.365,87.018,-0.008,101.656,0.36,-32.5,-30.518,-703.535,-662.4,-85.846,470,15.648,35.904,31.536,17.007,31.399,280.71,216.994,0.324,0.566,21.056,24.264,6.035,575.45,-367.25,-418.8,1.15892E+11,828.2,Med
4140223,0223-17,0.348,-4699.27,3141.6,0.669,101.637,94.475,0.352,0.188,86.216,85.005,85.82,-0.034,101.953,0.337,-33.093,-31.402,-726.136,-692,-90.366,478.9,15.329,36.78,32.29,15.582,33.119,280.336,220.294,0.84,1.174,21.479,24.245,6.418,623.75,-348,-433.5,66794700000,841.1,Med
4155473,5473-16,0.372,-3190.48,3234.6,0.671,104.363,102.685,0.216,0.2,87.033,86.22,89.092,-0.008,94.641,0.349,-32.866,-30.906,-710.48,-667.4,-89.091,451.4,15.563,35.721,31.143,16.015,31.881,277.008,206.393,0.388,0.365,21.736,24.41,6.162,606.35,-361.7,-419.9,67796600000,799.2,Med
4143193,3193-19,0.384,-2823.32,2975.2,0.501,93.749,90.158,0.667,0.255,79.37,79.268,84.901,-0.021,139.578,0.264,-36.035,-33.28,-863.51,-810.4,64.95,605.6,16.255,39.341,223.273,16.657,237.767,332.922,206.919,0.809,0.909,21.684,24.385,5.272,571.55,-322.05,-523.9,81193600000,1009.5,Med
4140233,0233-02,0.354,-4059.38,3093.6,0.65,96.35,98.021,0.6,0.209,86.199,86.034,88.187,-0.017,104.375,0.337,-31.881,-29.576,-700,-651.6,-82.677,480.1,18.366,45.301,35.321,18.634,34.009,316.77,211.892,0.586,0.726,21.055,24.174,5.703,596.9,-322.5,-430.9,1.35593E+11,846.3,Med
4135643,5643-23,0.342,-5972.1,3253,0.59,97.661,98.969,0.215,0.18,84.375,85.569,86.225,-0.038,113.719,0.333,-33.7,-31.628,-734.091,-693.6,-93.396,522.2,14.634,34.402,33.377,16.043,31.565,307.269,214.243,0.123,0.281,21.508,24.289,6.256,662.8,-355.2,-435.9,1.45799E+11,899.3,Med
4140233,0233-11,0.358,-4067.8,3099,0.645,96.48,94.241,0.714,0.21,87.189,85.336,88.038,-0.025,103.109,0.338,-31.831,-29.53,-697.222,-650.8,-81.528,475.8,17.632,38.708,34.57,18.144,33.981,308.85,208.837,1.158,1.574,21.079,24.212,5.825,582.9,-325.8,-432.2,1.83234E+11,838,Med
4143173,3173-05,0.35,-4282.71,3296,0.653,94.687,88.015,0.288,0.192,91.505,90.108,91.674,0.036,96.125,0.358,-30.884,-28.744,-695.96,-642.8,-84.646,470.4,61.846,72.398,83.576,79.038,94.049,299.669,225.814,0.335,0.464,0.018,0.018,5.144,667.7,-362.5,-430.1,1.12061E+11,830.9,Med
4155473,5473-02,0.372,-3038.19,3216.8,0.673,100.42,97.63,0.518,0.196,85.849,86.98,87.437,-0.039,92.906,0.349,-32.639,-30.734,-707.702,-670.4,-87.879,444.8,15.202,35.753,31.762,15.791,32.268,280.71,204.795,0.283,0.053,21.679,24.411,6.116,567.65,-356.6,-423.3,96165400000,795.3,Low
4162983,2983-10,0.38,-2976.43,3177.6,0.683,102.749,103.032,0.788,0.18,86.96,86.442,88.762,-0.033,94,0.345,-32.854,-30.488,-713.889,-670.6,-88.396,452.2,16.298,37.369,34.761,17.472,34.417,271.751,254.91,0.264,0.344,21.839,24.35,6.995,532.45,-338.45,-423.4,1.78412E+11,802.9,Low
4155473,5473-09,0.372,-3320.07,3298.6,0.697,101.076,103.164,0.228,0.212,86.934,86.426,87.602,-0.029,95.5,0.352,-32.954,-31.242,-713.636,-674,-88.611,449.9,13.911,27.895,28.063,14.421,28.688,290.482,203.527,0.241,0.052,21.762,24.464,6.158,611.05,-400.1,-423.8,2.88496E+11,800.8,Low
4135643,5643-12,0.354,-4639.47,3141.4,0.596,95.332,95.68,0.447,0.184,85.577,85.334,86.475,-0.039,115.844,0.337,-33.447,-31.352,-727.146,-686.8,-92.816,524.9,16.149,41.305,33.39,16.389,33.785,304.08,223.163,0.139,0.267,21.559,24.29,6.069,622.05,-345.1,-431.9,1.59521E+11,900.4,Low
4135643,5643-02,0.358,-4990.61,3152.8,0.596,96.63,94.4,0.211,0.176,85.566,85.412,85.548,-0.042,114.688,0.339,-33.371,-31.296,-726.01,-683.8,-91.604,521.9,15.861,37.006,32.975,16.41,34.208,310.295,217.888,0.112,0.153,21.65,24.328,5.747,626.2,-360.3,-431.4,72124000000,897.9,Low
4166213,6213-05,0.374,-2739.4,3222.8,0.68,99.832,99.357,0.047,0.212,86.12,86.995,89.948,-0.033,93.078,0.352,-32.816,-30.258,-714.268,-659.6,-89.798,447.9,16.136,36.074,33.751,17.31,33.248,350.81,209.521,1.33,1.681,21.745,24.234,5.23,581.1,-371.45,-424.6,1.63365E+11,795.8,Low
4140233,0233-22,0.362,-3729.86,3080.4,0.647,95.97,93.734,0.541,0.21,87.466,85.417,88.136,-0.02,104.016,0.338,-31.49,-29.392,-691.667,-642.8,-80.821,475.4,17.289,38.353,33.674,17.792,33.374,325.022,209.737,0.11,0.202,21.09,24.176,5.815,593.85,-316.95,-430.3,2.55836E+11,836.9,Low
4143193,3193-06,0.38,-2842.17,2992.8,0.495,95.031,92.27,0.707,0.27,78.978,79.184,84.694,-0.042,138.25,0.266,-37.386,-35.216,-848.106,-810.4,-121.553,607.5,16.235,39.614,34.056,16.103,33.547,329.096,203.459,0.803,0.871,21.666,24.404,5.165,555.35,-333.35,-523.8,54021200000,1010.9,Low
4140233,0233-12,0.36,-4378.22,3141.2,0.641,100.038,98.516,0.574,0.214,85.892,85.168,88.497,-0.019,105.359,0.339,-31.995,-29.684,-699.495,-651.8,-82.74,477.7,17.739,39.199,35.43,18.601,35.236,309.153,212.225,0.418,0.42,21.098,24.207,5.591,596.95,-321.8,-432.6,2.60756E+11,838.9,Low
4140233,0233-07,0.356,-4008.84,3145,0.643,97.919,96.972,0.214,0.22,87.828,85.429,88.866,-0.027,103.281,0.334,-31.919,-29.768,-699.242,-652.6,-82.904,478.3,17.652,39.33,34.528,18.198,34.778,310.601,203.937,0.515,0.759,21.055,24.146,5.81,599.6,-327.55,-432.2,1.1491E+11,838.9,Low
4155473,5473-04,0.378,-3098.35,3231.2,0.674,100.536,97.888,0.292,0.184,86.44,85.161,88.676,-0.054,95.844,0.354,-32.854,-30.96,-711.237,-671.8,-87.841,451.8,15.349,34.547,32.11,15.408,31.087,283.617,210.645,0.43,0.274,21.774,24.425,6.253,603.6,-358.65,-422.6,1.08475E+11,801.6,Low
4162983,2983-06,0.376,-2977.44,3110,0.69,98.736,101.559,0.589,0.19,86.128,86.099,88.26,-0.07,93.031,0.352,-32.702,-30.364,-709.596,-666.2,-87.752,444.7,174.437,37.755,31.985,17.054,34.709,277.435,251.902,0.27,0.139,21.792,24.383,6.512,558.2,-338.35,-421.4,1.69492E+11,796,Low
4173913,3913-04,0.34,-4302.15,3174,0.658,101.772,95.851,0.37,0.172,85.692,86.378,87.187,-0.032,101.375,0.355,-32.55,-30.252,-708.333,-664.4,-87.803,473.5,16.453,38.338,31.413,17.49,32.844,275.675,218.75,0.184,0.392,21.152,24.236,6.028,578.55,-1547.5,-419.4,83186000000,833.8,Low
4140233,0233-19,0.358,-3886.26,3129.4,0.66,95.725,94.937,0.514,0.205,87.52,86.447,88.843,-0.022,103.047,0.336,-31.755,-29.538,-692.046,-646.4,-81.111,480.7,17.215,39.532,35.125,18.261,34.592,329.182,204.108,0.141,0.152,21.081,24.209,5.904,609.65,-324.25,-432.2,1.44248E+11,843.7,Low
4148003,8003-20,0.36,-3328.42,3265,0.668,99.649,97.738,0.162,0.185,85.906,85.946,88.778,-0.027,100.047,0.347,-33.03,-31.012,-715.53,-674.4,-89.975,457.9,15.117,34.377,31.798,15.115,32.407,332.922,203.868,1.072,1.184,21.478,24.22,5.182,621.55,-361.45,-422.9,38740900000,810.4,Low
4143193,3193-12,0.368,-2957.83,2998.8,0.573,95.741,97.547,0.2,0.241,82.262,81.73,85.965,-0.04,120.875,0.299,-33.927,-31.454,-791.793,-747,50.025,540,16.596,39.663,222.976,17.248,240.972,328.667,208.981,0.837,0.871,21.61,24.439,5.287,546.6,-333.1,-482.9,67459300000,921.2,Low
4148023,8023-06,0.344,-2621,3171.2,0.671,100.562,100.309,1.147,0.195,86.418,86.582,87.243,-0.025,96.766,0.348,-32.74,-30.446,-710.985,-661,-90.972,459.7,16.846,36.883,33.714,17.399,35.195,316.61,208.23,0.599,0.56,21.404,24.086,5.368,601.55,-325.1,-421.5,2.33781E+11,810.3,Low
4135643,5643-07,0.35,-6065.85,3241.6,0.598,97.167,95.172,0.27,0.186,85,84.682,86.464,-0.032,113.328,0.333,-33.636,-31.588,-732.702,-692.4,-93.535,522.7,14.755,35.089,30.37,15.112,32.514,301.895,214.394,0.213,0.284,21.55,24.277,6.084,674.45,-391.65,-435.9,89206100000,899.2,Low
4162983,2983-17,0.38,-3102.22,3119.6,0.678,101.604,96.23,0.928,0.196,86.623,86.919,89.109,-0.047,92.719,0.348,-32.5,-30.634,-706.439,-671,-86.49,447.7,17.162,37.866,33.856,18.254,34.358,270.236,247.949,0.293,0.329,21.827,24.352,6.408,538.45,-346.15,-422.3,83699500000,796.3,Low
4162983,2983-02,0.38,-3058.54,3158.6,0.697,101.289,98.872,1.236,0.208,84.466,86.715,88.442,-0.05,93.219,0.097,-29.558,-30.218,-693.056,-665.2,-123.333,448.8,16.533,41.42,32.475,17.537,34.131,266.295,247.143,0.228,0.242,21.826,24.382,6.665,531.7,-339.35,-423,1.05932E+11,798.6,Low
4140223,0223-21,0.358,-4018.27,3153.4,0.648,97.454,98.562,0.563,0.196,85.812,86.31,86.902,-0.03,102.062,0.339,-33.194,-31.096,-727.02,-686,-90.846,474.9,16.004,37.202,33.371,15.896,34.155,260.192,213.754,0.465,0.5,21.567,24.33,6.393,616.2,-343.85,-433.9,1.23267E+11,836.1,Low
4173913,3913-07,0.364,-3301.26,3145,0.64,99.55,97.472,0.779,0.186,87.152,86.859,88.543,-0.062,97.328,0.366,-31.768,-29.59,-688.384,-648.8,-85.252,472.9,15.99,35.88,30.52,17.434,30.927,277.13,221.498,0.12,0.111,21.58,24.277,6.074,579.5,-1540.5,-407.6,83186000000,833.1,Low
4135643,5643-09,0.354,-5200.46,3224.8,0.585,97.706,98.467,0.222,0.195,85.84,84.96,87.026,-0.026,113.938,0.333,-33.838,-31.712,-737.753,-695.2,-94.495,521.5,15.154,36.443,31.022,15.662,31.684,306,211.414,0.274,0.314,21.632,24.298,5.713,647.5,-382.2,-436.4,68829000000,898.3,Low
4155473,5473-14,0.372,-3234.29,3258.4,0.685,102.89,102.275,0.192,0.211,86.02,84.543,87.42,-0.049,93.859,0.351,-32.702,-30.95,-709.596,-668,-87.954,446.9,15.58,34.69,31.687,16.01,32.103,288.355,205.626,0.183,0.082,21.794,24.469,6.133,601.9,-368.8,-422.3,2.15227E+11,796.2,Low
4173913,3913-22,0.36,-3909.96,3270.8,0.64,101.019,99.759,0.385,0.159,86.405,86.69,88.561,-0.045,100.234,0.36,-32.323,-30.014,-702.904,-660.8,-86.402,469.9,15.936,34.898,30.272,16.461,30.451,290.415,220.975,0.022,0.106,21.529,24.291,6.035,605.7,-1576.5,-416.6,80710200000,831,Low
4135643,5643-25,0.352,-4998.16,3146.2,0.596,97.856,94.09,0.403,0.181,85.04,85.241,85.665,-0.012,113.797,0.335,-33.321,-31.29,-730.429,-689,-92.386,517.8,14.968,35.385,30.982,15.291,31.404,337.018,214.13,0.102,0.223,21.632,24.327,5.765,636.15,-364.3,-434.2,1.1206E+11,894,Low
4155473,5473-21,0.372,-3146.47,3260.6,0.688,98.043,99.653,0.276,0.194,84.831,86.463,88.208,-0.048,94.484,0.352,-32.5,-30.842,-701.768,-667,-85.833,449.9,15.069,33.15,30.081,15.131,30.712,279.713,205.765,0.22,0.068,21.822,24.436,6.069,611.3,-358.05,-422.2,1.71637E+11,797.6,Low
4155473,5473-11,0.362,-4096.47,3348.6,0.685,102.311,99.977,0.286,0.192,86.082,85.923,88.038,-0.041,94.906,0.348,-32.816,-30.864,-710.48,-673,-86.326,453.9,14.643,33.98,30.115,15.739,31.8,282.789,205.556,0.384,0.208,21.65,24.416,6.211,678.65,-428.65,-423,1.41243E+11,807.1,Low
4140223,0223-05,0.358,-3906.07,3087.4,0.65,98.219,96.14,0.437,0.182,84.514,85.94,87.02,-0.033,102.594,0.339,-33.018,-31.318,-724.495,-689.6,-89.722,480.5,15.763,40.594,33.361,16.417,34.295,374.475,217.499,0.46,0.506,21.542,24.287,5.465,570.9,-335.45,-435.3,1.1206E+11,839.8,Low
4173913,3913-15,0.354,-3970.13,3146.2,0.647,98.15,98.544,0.319,0.166,86.504,86.996,88.388,-0.034,101.484,0.356,-32.386,-30.098,-701.894,-656,-95.922,473,15.61,33.866,30.226,16.204,29.696,281.274,223.944,0.123,0.379,21.585,24.298,6.166,596.4,-1574,-418.9,55799700000,833.1,Low
4155473,5473-19,0.366,-3297.97,3238.4,0.692,100.043,96.822,0.185,0.202,86.411,87.251,87.92,-0.059,94.531,0.348,-32.954,-30.928,-712.879,-673.6,-90.543,450.2,17.385,34.645,36.382,17.349,32.447,283.171,207.343,0.494,0.546,21.748,24.452,6.221,598.2,-379,-421.4,1.69492E+11,797.6,Low
4173913,3913-25,0.348,-4274.7,3186.2,0.652,102.021,99.8,0.32,0.19,86.132,85.654,88.544,-0.04,101.656,0.357,-32.437,-30.178,-702.399,-659.8,-87.008,471.2,16.049,33.991,29.764,15.772,30.825,277.863,224.481,0.108,0.238,21.583,24.258,5.956,593.9,-1599,-417.7,66794700000,829.5,Low
4135643,5643-03,0.34,-5892.71,3277.4,0.585,98.86,93.257,0.174,0.19,86.546,85.963,85.804,-0.027,116.969,0.335,-33.775,-31.284,-730.177,-685,-92.891,522.4,15.815,36.652,31.92,15.986,31.973,308.095,212.819,0.259,0.35,21.525,24.29,6.108,669.7,-380.05,-429.5,52760000000,899.6,Low
4140233,0233-10,0.362,-3882.18,3128.6,0.653,96.325,91.521,0.533,0.218,86.961,86.744,88.142,-0.02,102.703,0.336,-31.869,-29.204,-698.485,-641.6,-83.169,477.7,18.717,43.293,37.428,19.186,38.892,308.548,202.04,0.208,0.268,21.073,24.217,5.646,584.15,-314.35,-428.9,1.4273E+11,837.2,Low
4162983,2983-07,0.38,-2887.7,3120.6,0.687,99.571,101.254,0.417,0.198,86.073,87.672,88.411,-0.062,94.359,0.349,-32.652,-30.43,-709.596,-666,-87.715,443.6,17.635,43.694,35.465,18.741,34.408,277.435,247.194,0.222,0.155,21.808,24.363,6.493,532.2,-346.75,-418.7,1.12994E+11,795.7,Low
4155473,5473-08,0.368,-3767.87,3303.4,0.682,99.422,99.363,0.332,0.207,86.957,85.642,88.538,-0.059,95.203,0.352,-32.866,-31.192,-712.626,-676.8,-88.977,451.7,15.439,32.859,32.195,15.658,31.534,363.144,205.417,0.426,0.305,21.803,24.452,6.383,627.05,-367.65,-424.4,1.04302E+11,801.4,Low
4140233,0233-14,0.358,-3654.88,3093.6,0.646,95.385,96.406,0.57,0.225,88.004,86.73,87.874,-0.021,102.094,0.336,-32.02,-29.666,-703.157,-652.6,-83.22,481.4,16.901,38.631,33.99,18.115,33.119,311.754,215.993,0.751,0.986,21,24.164,5.874,588.5,-312.55,-434.2,1.05932E+11,844.2,Low
4173913,3913-14,0.36,-3889.91,3199.8,0.653,96.797,97.091,0.383,0.188,86.979,86.758,88.214,-0.032,101.656,0.359,-32.487,-30.438,-700.758,-663.2,-85.796,470.8,15.482,36.552,31.104,16.781,32.938,285.157,223.82,0.029,0.072,21.59,24.307,6.054,618.95,-1581.5,-413.1,94162000000,831.9,Low
4143193,3193-23,0.364,-2847.78,3117.6,0.672,104.673,100.886,1.34,0.189,86.456,85.654,87.281,-0.013,95.609,0.348,-30.657,-29.168,-698.359,-671,30.265,454.2,15.765,38.405,222.479,16.073,233.944,340.939,205.939,0.814,0.917,21.452,24.317,5.101,604.7,-312.15,-419.9,53173800000,804.7,Low
4143193,3193-22,0.364,-3311.53,3117,0.663,100.667,102.264,0.813,0.213,84.954,85.505,88.687,-0.038,95.156,0.345,-32.538,-30.654,-704.672,-670.6,-86.755,457,15.971,43.565,34.745,16.624,34.34,338.83,204.039,0.65,0.847,21.477,24.43,5.128,591.45,-311.8,-422.1,51951400000,809.4,Low
4135643,5643-13,0.344,-5877.23,3212.6,0.593,95.574,94.229,0.436,0.171,85.273,84.804,86.25,-0.033,115,0.337,-33.258,-31.286,-726.768,-685.6,-92.046,521.9,15.413,41.213,31.018,16.263,33.311,304.08,217.888,0.308,0.429,21.507,24.261,6.653,636.8,-349.25,-429.4,79760700000,897.9,Low
4155473,5473-07,0.368,-3009.53,3248.8,0.685,99.431,97.872,0.18,0.199,86.397,85.659,87.911,-0.062,92.562,0.351,-33.081,-31.026,-712.626,-671.4,-90.215,453.1,15.727,37.476,32.744,16.739,34.313,288.223,203.289,0.129,-0.04,21.612,24.374,6.176,618.8,-383.7,-421.1,3.22841E+11,804.3,Low
4155473,5473-15,0.364,-3444.31,3283.2,0.686,100.243,98.633,0.316,0.216,86.914,85.383,88.775,-0.06,92.141,0.349,-33.018,-31.202,-715.025,-674.8,-89.621,448.2,15.309,33.036,30.772,15.498,30.496,285.028,207.768,0.216,0.06,21.729,24.437,6.103,610.65,-382.1,-423.2,2.29819E+11,798,Low
4140223,0223-20,0.348,-4426.86,3091.2,0.658,99.26,98.578,0.285,0.19,85.897,85.753,87.07,-0.042,103.266,0.339,-33.03,-31.286,-721.465,-682.8,-89.76,478.1,16.052,37.139,33.404,15.305,34.457,380.353,212.225,0.35,0.33,20.919,24.225,5.403,621.55,-338,-434.9,86365100000,838,Low
4173913,3913-01,0.33,-4274.74,3191.6,0.645,98.16,95.457,0.57,0.198,87.578,86.9,88.104,-0.056,101.016,0.359,-31.907,-30.072,-694.949,-656,-83.308,477.2,15.928,36.19,30.779,16.272,31.011,280.836,228.186,0.492,0.812,21.095,24.242,6.168,593.4,-343.65,-412.9,90395500000,837.8,Low
4135643,5643-06,0.344,-6175.03,3260.2,0.58,98.548,94.046,0.36,0.17,86.003,85.509,86.694,-0.021,117.344,0.338,-33.409,-31.04,-730.051,-681.2,-92.273,525.2,15.434,35.822,30.795,16.001,32.407,306.745,214.583,0.129,0.225,21.49,24.28,5.774,659.6,-356.55,-428.3,56262800000,900.6,Low
4155473,5473-25,0.374,-2996.81,3256.2,0.695,100.189,97.011,0.318,0.21,85.899,85.005,87.718,-0.071,92.562,0.346,-32.626,-31.044,-706.692,-673,-87.033,450.7,15.32,34.151,31.791,15.367,31.906,371.714,207.166,0.354,0.28,21.775,24.421,6.281,594.85,-370.6,-422.5,2.29819E+11,802.1,Low
4135643,5643-24,0.348,-5340.8,3238.4,0.58,97.413,97.058,0.25,0.184,85.357,86.153,85.959,-0.018,114.375,0.336,-33.472,-31.448,-728.788,-687.8,-92.525,525.2,14.941,35.285,31.19,16.148,31.05,319.015,208.551,0.339,0.57,21.595,24.307,5.983,650.5,-378.05,-430.6,56733600000,903.1,Low
4140223,0223-16,0.368,-3030.79,3062.2,0.649,98.468,93.815,0.38,0.209,85.51,85.549,87.55,-0.04,101.969,0.34,-33.333,-31.516,-726.263,-693.2,-91.023,477.5,16.721,37.319,34.238,16.595,36.001,233.656,214.47,0.597,0.802,21.704,24.342,6.264,593.05,-348.9,-437,81682700000,837.1,Low
4173913,3913-11,0.356,-4027.66,3162.4,0.642,99.37,98.646,0.52,0.191,85.228,86.852,88.753,-0.03,99.203,0.359,-32.348,-30.376,-701.894,-664.6,-89.343,468.2,15.912,35.328,30.564,16.819,31.158,275.434,225.104,0.142,0.282,21.604,24.318,6,598.85,-1565.5,-417.5,82678800000,827,Low
4140233,0233-16,0.356,-3954.58,3159.8,0.654,95.758,96.354,0.546,0.219,87.128,87.008,89.019,-0.022,104.984,0.337,-32.21,-29.666,-700.505,-653.6,-82.487,477.6,17.098,38.945,33.195,17.698,33.667,304.521,214.848,0.13,0.136,21.069,24.149,5.659,598,-325.35,-431.3,1.21065E+11,840.1,Low
4135643,5643-17,0.34,-6156.06,3320.4,0.589,97.838,99.83,0.112,0.183,84.67,85.331,87.219,-0.012,116.344,0.331,-35.758,-33.586,-780.556,-735.4,-108.232,522.5,15.78,37.095,31.551,16.491,33.372,247.032,218.593,0.772,1.153,21.52,24.287,6.091,715.95,-394.95,-442.7,1.22156E+11,899,Low
4140223,0223-22,0.35,-4048.67,3050,0.644,96.688,93.998,0.739,0.183,86.873,85.394,87.548,-0.05,103.875,0.338,-33.106,-31.12,-721.212,-680.6,-90.467,471.2,16.66,39.75,34.157,16.531,34.458,332.132,212.559,0.326,0.35,20.97,24.23,5.1,604.15,-328.3,-431.1,1.35593E+11,831.4,Low
4173913,3913-17,0.35,-3992.5,3217,0.64,100.031,101.187,0.957,0.178,85.868,87.014,88.364,-0.024,100.094,0.359,-17.854,-29.782,-298.485,-648.4,-90.354,467,16.419,34.564,31.521,16.785,31.72,280.773,223.245,0.038,0.082,21.551,24.228,6.152,558.1,-1545,-419.4,1.45799E+11,824.2,Low
4173913,3913-21,0.356,-4228.41,3173.4,0.66,97.377,97.762,0.418,0.186,86.437,86.05,87.566,-0.029,100.984,0.354,-32.626,-30.124,-707.197,-659.6,-87.475,468.8,17.235,42.249,32.703,17.808,32.587,284.513,217.227,0.092,0.154,21.592,24.296,6.044,579.2,-1572,-421.1,1.05932E+11,826.8,Low
4140223,0223-12,0.36,-3758.31,3141.8,0.654,96.589,92.268,0.531,0.189,86.798,85.372,87.561,-0.039,97.922,0.336,-33.245,-31.318,-724.621,-685.2,-91.591,471.4,15.836,39.236,33.296,15.403,34.567,236.329,210.172,0.382,0.427,21.631,24.334,6.041,635.95,-356.55,-432.9,87479500000,830.4,Low
4140233,0233-24,0.36,-3687.95,3041.4,0.632,99.156,97.383,1.283,0.199,84.856,85.567,88.641,-0.022,107.109,0.337,-33.409,-31.268,-729.04,-686.2,-91.641,482.7,17.899,42.27,37.135,18.613,36.877,333.274,206.638,0.977,1.154,21.588,24.325,5.257,590.2,-318.95,-434,38740900000,844.8,Low
4169943,9943-08,0.382,-2294.57,3325.4,0.673,98.27,96.232,0.356,0.239,88.355,87.174,90.59,-0.024,97.297,0.345,-31.869,-28.894,-691.919,-629.4,-82.172,456.2,17.245,38.344,33.193,17.914,33.403,265.734,190.973,0.637,0.574,21.408,24.273,6.037,609.7,-358.6,-420.7,1.12061E+11,807.2,Low
4140223,0223-11,0.348,-4773.39,3136,0.655,99.857,97.205,0.838,0.187,85.355,86.108,87.119,-0.027,102.172,0.34,-33.523,-31.554,-729.545,-694.8,-91.995,473.4,15.954,36.189,32.01,15.87,32.365,246.838,218.553,0.368,0.44,20.855,24.214,6.219,603.15,-339.75,-435.7,67459300000,832.7,Low
4140223,0223-14,0.358,-3538.35,3120.8,0.665,98.296,95.211,0.608,0.195,85.428,85.461,87.266,-0.029,100.266,0.338,-33.018,-31.024,-720.707,-680.4,-89.71,469.5,15.308,34.953,31.714,14.828,31.992,253.543,215.725,0.704,0.907,21.572,24.279,6.221,609.25,-321.95,-433.4,45501100000,827.9,Low
4135643,5643-21,0.34,-6166.82,3236.6,0.591,96.574,98.059,0.32,0.177,84.757,85.868,85.394,-0.018,115.438,0.337,-33.472,-31.178,-732.197,-684.2,-92.159,526.2,15.807,35.682,31.689,16.175,31.85,304.08,212.484,0.072,0.156,21.563,24.278,6.444,659.85,-362.35,-430.7,1.1206E+11,903.9,Low
4135643,5643-01,0.338,-5481.35,3240.6,0.579,99.506,93.933,0.186,0.193,85.489,85.409,87.695,-0.002,114.188,0.339,-34.482,-31.534,-754.293,-689.8,-98.965,526.3,15.303,35.819,31.316,16.341,32.191,253.747,218.75,0.391,0.432,21.574,24.339,6.147,664.85,-406.2,-436.9,73293600000,902.8,Low
4162983,2983-20,0.38,-2413.1,3142.6,0.694,104.372,101.25,0.503,0.192,86.807,86.552,88.536,-0.116,93.609,0.35,-32.816,-30.366,-712.121,-667,-88.813,445.4,177.048,46.991,33.924,17.336,34.669,266.577,259.865,0.46,0.445,21.846,24.363,6.811,545.65,-341.4,-424.3,2.65869E+11,796.3,Low
4140233,0233-20,0.352,-3982.75,3039.4,0.639,100.493,100.518,1.138,0.183,85.514,85.926,87.33,-0.027,104.359,0.338,-33.308,-31.344,-726.894,-686.4,-92.374,479,17.058,40.18,34.203,17.915,35.448,326.031,204.691,0.518,0.625,21.526,24.288,5.152,594.7,-333.45,-433.9,1.01189E+11,838,Low
4140233,0233-13,0.36,-3720.92,3027.6,0.635,100.239,102.723,0.991,0.197,85.174,86.243,87.677,-0.018,104.031,0.338,-33.346,-31.442,-727.525,-685.2,-92.172,481.1,17.916,45.524,36.936,18.462,37.383,325.525,209.304,0.564,0.682,21.592,24.318,5.277,585.7,-335.45,-434.4,92240300000,840.9,Low
4162983,2983-09,0.374,-3387.19,3209.8,0.696,102.441,98.293,0.498,0.194,86.439,85.968,88.058,-0.034,92.984,0.349,-32.803,-30.364,-713.384,-665.2,-88.826,444.7,17.077,38.72,34.197,17.174,34.137,272.221,250.502,0.725,0.723,21.834,24.371,6.717,557.8,-342.2,-421.5,89206100000,796.6,Low
4162983,2983-16,0.378,-3124.09,3194.2,0.693,98.662,99.62,0.871,0.19,85.599,86.189,88.69,-0.045,95.281,0.349,-32.689,-30.436,-708.712,-666.2,-87.778,444.9,17.704,179.529,32.432,18.32,32.3,278.785,256.144,0.203,0.299,21.794,24.255,6.745,561.8,-335.8,-423.5,1.73838E+11,794.1,Low
4162983,2983-05,0.38,-2506.47,3121.2,0.688,98.367,99.309,0.645,0.177,86.088,87.126,89.224,-0.061,93.109,0.35,-32.639,-30.34,-706.313,-667.8,-87.424,445,16.51,36.114,32.88,16.962,33.568,268.795,250.811,0.814,1.144,21.818,24.35,6.887,554.35,-336.6,-421.1,1.13944E+11,796.1,Low
4140233,0233-05,0.36,-3630.29,3024.8,0.639,99.983,100.996,1.944,0.201,85.279,85.811,88.396,-0.029,102.766,0.339,-33.043,-31.462,-722.98,-689,-90.076,480,17.349,39.419,33.882,17.85,34.843,320.638,207.201,0.547,0.827,21.579,24.327,5.193,593.85,-314.3,-433.4,74913400000,841.9,Low
4140233,0233-09,0.36,-3705.25,3035.8,0.643,104.531,97.611,1.536,0.201,85.807,86.158,88.216,-0.005,104.094,0.338,-33.371,-31.372,-727.146,-687.4,-91.54,478.5,17.897,40.946,34.435,18.275,34.584,322.196,211.377,0.594,0.724,21.59,24.329,5.189,597.4,-331.75,-434.9,1.02722E+11,840.8,Low
4143193,3193-11,0.386,-2162.03,2948.8,0.504,92.526,93.037,0.311,0.259,79.701,79.53,84.52,0.014,137.266,0.265,-36.035,-33.018,-860.606,-798.4,64.95,598.2,15.794,42.704,219.691,16.226,236.897,335.403,203.561,0.781,0.871,21.726,24.432,5.065,549.45,-333.3,-524,54896000000,1000.3,Low
4143193,3193-16,0.386,-3007.36,2956.8,0.499,94.553,93.468,1.039,0.271,79.882,79.999,85.254,-0.002,138.156,0.266,-37.184,-35.126,-845.202,-801.8,-120.682,603.8,15.763,38.215,33.213,16.647,34.094,339.835,205.626,1.027,1.232,21.66,24.422,5.343,550.5,-372.55,-523.3,58698400000,1006.9,Low
